job_title_short,job_title,job_location,job_via,job_schedule_type,job_work_from_home,search_location,job_posted_date,job_no_degree_mention,job_health_insurance,job_country,salary_rate,salary_year_avg,salary_hour_avg,company_name,job_skills,job_type_skills
Data Engineer,Sr. Data Engineer,"Peshawar, Pakistan",via LinkedIn Pakistan,Full-time,False,Pakistan,2023-01-06 12:37:44,False,False,Pakistan,,,,Afiniti,"['sql', 'bash', 'python', 'powershell', 'shell', 'linux', 'redhat', 'centos', 'unix', 'excel']","{'analyst_tools': ['excel'], 'os': ['linux', 'redhat', 'centos', 'unix'], 'programming': ['sql', 'bash', 'python', 'powershell', 'shell']}"
Senior Data Analyst,Senior Data Analyst - APCD Data Intake,"Indianapolis, IN",via Work For Indiana,Full-time,False,"Illinois, United States",2023-01-07 08:01:42,True,True,United States,,,,State of Indiana,,
Data Analyst,Data Analyst H/F,"Guyancourt, France",via LinkedIn,Full-time,False,France,2023-01-25 10:48:41,False,False,France,,,,Egis,"['sql', 'r', 'c#', 'javascript', 'html', 'css', 'python', 'sql server', 'jquery']","{'databases': ['sql server'], 'programming': ['sql', 'r', 'c#', 'javascript', 'html', 'css', 'python'], 'webframeworks': ['jquery']}"
Data Scientist,Data Scientist CRM & Customer Analytics,"London, UK",via My ArkLaMiss Jobs,Full-time,False,United Kingdom,2023-01-18 09:16:27,False,False,United Kingdom,,,,Blue Pelican Group,"['sql', 'python']","{'programming': ['sql', 'python']}"
Data Scientist,SAP Data Migration Specialist,"Santiago, Chile",via BeBee Chile,Full-time,False,Chile,2023-01-28 05:12:42,True,False,Chile,,,,PUMA,"['sql', 'sap']","{'analyst_tools': ['sap'], 'programming': ['sql']}"
Data Scientist,Chief Data Systems,"Pretoria, South Africa",via Trabajo.org,Full-time,False,South Africa,2023-01-08 02:23:16,False,False,South Africa,,,,Fempower Personnel,['aws'],{'cloud': ['aws']}
Senior Data Engineer,Senior data engineer F/H,"Paris, France",via Indeed,Full-time,False,France,2023-01-04 16:45:21,False,False,France,,,,InVivo,"['sql', 'python', 'c#', 'nosql', 'mongodb', 'mongodb', 'neo4j', 'databricks', 'azure', 'spark']","{'cloud': ['databricks', 'azure'], 'databases': ['mongodb', 'neo4j'], 'libraries': ['spark'], 'programming': ['sql', 'python', 'c#', 'nosql', 'mongodb']}"
Data Analyst,Data Analyst,"San José Province, San José, Costa Rica",via LinkedIn Costa Rica,Full-time,False,Costa Rica,2023-01-07 01:05:10,True,False,Costa Rica,,,,Recluta Talenthunter,,
Data Engineer,Data Engineer,"Tampere, Finland",via Trabajo.org,Full-time,False,Finland,2023-01-10 16:56:27,True,False,Finland,,,,Futurice GmbH,"['python', 'java', 'aws', 'redshift', 'azure', 'databricks', 'terraform', 'github']","{'cloud': ['aws', 'redshift', 'azure', 'databricks'], 'other': ['terraform', 'github'], 'programming': ['python', 'java']}"
Business Analyst,Field Engineer I,"Muscat, Oman",via Trabajo.org,Full-time,False,Oman,2023-01-05 15:58:51,False,False,Oman,,,,Halliburton,['assembly'],{'programming': ['assembly']}
Data Engineer,資料工程師Data Engineer_0061,"Neihu District, Taipei City, Taiwan",via 104人力銀行,,False,Taiwan,2023-01-03 23:31:16,False,False,Taiwan,,,,遊戲橘子數位科技股份有限公司,"['sql', 'nosql', 'tableau']","{'analyst_tools': ['tableau'], 'programming': ['sql', 'nosql']}"
Data Analyst,Business and Data Analyst,Canada,via BeBee Canada,Full-time,False,Canada,2023-01-15 08:15:51,False,False,Canada,,,,Sun Life Financial,['jira'],{'async': ['jira']}
Data Engineer,Data Engineer,"Bengaluru, Karnataka, India",via Recruit.net,Full-time,False,India,2023-01-27 00:14:58,True,False,India,,,,Mindera,"['python', 'sql', 'scala', 'aws', 'redshift', 'snowflake', 'airflow', 'pyspark', 'kafka', 'docker', 'terraform']","{'cloud': ['aws', 'redshift', 'snowflake'], 'libraries': ['airflow', 'pyspark', 'kafka'], 'other': ['docker', 'terraform'], 'programming': ['python', 'sql', 'scala']}"
Data Engineer,Data Engineer & Data Scientist in E-Health - Therapieland,"Amsterdam, Netherlands",via Monsterboard,Full-time,False,Netherlands,2023-01-04 13:40:02,False,False,Netherlands,,,,Visma,"['r', 'python', 'matlab', 'django', 'git']","{'other': ['git'], 'programming': ['r', 'python', 'matlab'], 'webframeworks': ['django']}"
Data Analyst,Lead Data Management Analyst,"Charlotte, NC",via LinkedIn,Full-time,False,Georgia,2023-01-07 12:30:12,False,False,United States,,,,Wells Fargo,"['excel', 'powerpoint']","{'analyst_tools': ['excel', 'powerpoint']}"
Data Scientist,Data Scientist - Full-time / Part-time,"Harrisonburg, VA",via Snagajob,Full-time,False,"Illinois, United States",2023-01-06 07:05:34,False,False,United States,,,,James Madison University,"['python', 'r', 'sql', 'aws', 'spark', 'hadoop']","{'cloud': ['aws'], 'libraries': ['spark', 'hadoop'], 'programming': ['python', 'r', 'sql']}"
Data Engineer,Data Engineer,"Lisbon, Portugal",via Linkedin,Full-time,False,Portugal,2023-01-27 10:03:41,False,False,Portugal,,,,ADENTIS Portugal,"['sql', 'sql server', 'oracle', 'aws', 'jira', 'confluence']","{'async': ['jira', 'confluence'], 'cloud': ['oracle', 'aws'], 'databases': ['sql server'], 'programming': ['sql']}"
Data Engineer,Data Engineer,"Dublin, Ireland",via Eolas Recruitment,Full-time,False,Ireland,2023-01-20 11:18:33,False,False,Ireland,,,,EOLAS Recruitment,"['cassandra', 'kafka', 'spark', 'hadoop']","{'databases': ['cassandra'], 'libraries': ['kafka', 'spark', 'hadoop']}"
Data Engineer,データプラットフォームエンジニア/ Data Platform Engineer,"Tokyo, Japan",via LinkedIn,Full-time,False,Japan,2023-01-08 16:39:29,True,False,Japan,,,,Robert Walters,"['scala', 'hadoop', 'spark', 'kafka', 'unix']","{'libraries': ['hadoop', 'spark', 'kafka'], 'os': ['unix'], 'programming': ['scala']}"
Data Engineer,Data Engineer,West Bengal,via LinkedIn,Full-time,False,India,2023-01-08 22:08:08,False,False,India,,,,"AnalyticsPlus, Inc.","['sql', 'python', 'snowflake', 'azure', 'aws', 'pyspark', 'unix', 'tableau']","{'analyst_tools': ['tableau'], 'cloud': ['snowflake', 'azure', 'aws'], 'libraries': ['pyspark'], 'os': ['unix'], 'programming': ['sql', 'python']}"
Data Scientist,Mid-Level Data Scientist (Image Processing / OCR),Anywhere,via LinkedIn,Full-time,True,Georgia,2023-01-13 21:21:05,False,True,United States,,,,The Kenific Group,"['sql', 'mongodb', 'mongodb', 'python', 'c#', 'aws', 'azure']","{'cloud': ['aws', 'azure'], 'databases': ['mongodb'], 'programming': ['sql', 'mongodb', 'python', 'c#']}"
Data Analyst,Data Intelligence Analyst,"Schaffhausen, Switzerland",via Recruit.net,Full-time,False,Switzerland,2023-01-02 23:42:31,False,False,Switzerland,,,,Bruederlinpartner,"['sql', 'python', 'r', 'spss', 'tableau', 'alteryx', 'excel', 'powerpoint', 'planner']","{'analyst_tools': ['spss', 'tableau', 'alteryx', 'excel', 'powerpoint'], 'async': ['planner'], 'programming': ['sql', 'python', 'r']}"
Machine Learning Engineer,Senior Machine Learning Engineer,Anywhere,via LinkedIn,Full-time,True,Canada,2023-01-13 21:17:36,False,False,Canada,,,,Harnham,['python'],{'programming': ['python']}
Data Engineer,Big Data Engineer - Remote Work / Ref. 0099E,"Panama City, Panama",via Computrabajo Panamá,Full-time,False,Panama,2023-01-28 00:24:50,True,False,Panama,,,,BairesDev SA,"['ruby', 'ruby', 'python', 'java', 'scala', 'elasticsearch', 'aws', 'gcp', 'azure', 'hadoop', 'spark']","{'cloud': ['aws', 'gcp', 'azure'], 'databases': ['elasticsearch'], 'libraries': ['hadoop', 'spark'], 'programming': ['ruby', 'python', 'java', 'scala'], 'webframeworks': ['ruby']}"
Data Engineer,Data Engineer,"Barcelona, Spain",via Emprego.pt,Full-time,False,Spain,2023-01-10 23:41:12,False,False,Spain,,,,Elastacloud,"['sql', 'r', 'scala', 'python', 'azure', 'databricks', 'spark', 'power bi', 'git']","{'analyst_tools': ['power bi'], 'cloud': ['azure', 'databricks'], 'libraries': ['spark'], 'other': ['git'], 'programming': ['sql', 'r', 'scala', 'python']}"
Data Engineer,Data Engineer,"Camperdown NSW, Australia",via LinkedIn,Full-time,False,Australia,2023-02-20 15:18:15,False,False,Australia,,,,Workforce Australia for Individuals,['git'],{'other': ['git']}
Senior Data Engineer,Senior Data Engineer Senior Data Engineer H/F,Anywhere,via HelloWork,Full-time,True,France,2023-02-01 12:52:52,False,False,France,,,,The Fork,"['python', 'sql', 'go', 'elasticsearch', 'aws', 'snowflake', 'bigquery', 'airflow', 'spark', 'unix', 'jenkins', 'docker', 'kubernetes', 'git']","{'cloud': ['aws', 'snowflake', 'bigquery'], 'databases': ['elasticsearch'], 'libraries': ['airflow', 'spark'], 'os': ['unix'], 'other': ['jenkins', 'docker', 'kubernetes', 'git'], 'programming': ['python', 'sql', 'go']}"
Business Analyst,BI Analyst,Anywhere,via Dice,Contractor,True,"California, United States",2023-02-23 19:01:14,True,False,United States,,,,"CESUSA, Inc.","['sql', 'databricks', 'spark', 'tableau', 'sheets', 'spss']","{'analyst_tools': ['tableau', 'sheets', 'spss'], 'cloud': ['databricks'], 'libraries': ['spark'], 'programming': ['sql']}"
Senior Data Engineer,Senior Database Engineer,"Stockholm, Sweden",via LinkedIn,Full-time,False,Sweden,2023-02-22 11:52:34,False,False,Sweden,,,,Verve Group,"['java', 'c++', 'python', 'go', 'javascript', 'postgresql', 'redis', 'elasticsearch']","{'databases': ['postgresql', 'redis', 'elasticsearch'], 'programming': ['java', 'c++', 'python', 'go', 'javascript']}"
Data Scientist,Jr. Data Scientist,"Arlington, VA",via Melga,Full-time,False,Georgia,2023-02-20 17:03:46,False,True,United States,,,,SRI International,"['r', 'python', 'go', 'excel']","{'analyst_tools': ['excel'], 'programming': ['r', 'python', 'go']}"
Data Analyst,Data Analyst Lutte Contre la Criminalité Financière H/F,"Paris, France",via LinkedIn,Full-time,False,France,2023-02-01 16:52:22,False,False,France,,,,Michael Page,"['python', 'sql', 'r']","{'programming': ['python', 'sql', 'r']}"
Data Scientist,Mid Data Scientist  smartpatient,"Kraków, Poland",via Jobrapido.com,Full-time,False,Poland,2023-02-03 00:17:25,False,False,Poland,,,,smartpatient,"['python', 'aws', 'scikit-learn', 'tensorflow', 'pytorch', 'docker', 'git', 'jira', 'trello', 'confluence']","{'async': ['jira', 'trello', 'confluence'], 'cloud': ['aws'], 'libraries': ['scikit-learn', 'tensorflow', 'pytorch'], 'other': ['docker', 'git'], 'programming': ['python']}"
Data Scientist,Data Scientist,Canada,via LinkedIn,Full-time,False,Canada,2023-02-02 17:16:07,False,False,Canada,,,,TalentEgg,"['python', 'sql', 'spark', 'tableau']","{'analyst_tools': ['tableau'], 'libraries': ['spark'], 'programming': ['python', 'sql']}"
Senior Data Analyst,Senior Data Analyst,Philippines,via LinkedIn,,False,Philippines,2023-02-17 07:16:09,False,False,Philippines,,,,Circa Logica Group,"['sql', 'postgresql', 'flow']","{'databases': ['postgresql'], 'other': ['flow'], 'programming': ['sql']}"
Data Scientist,Data Scientist (Remote),"Islamabad, Pakistan",via Indeed,Full-time,False,Pakistan,2023-02-17 23:52:58,False,False,Pakistan,,,,Token Metrics,"['python', 'java', 'r']","{'programming': ['python', 'java', 'r']}"
Data Engineer,Data Engineer,"Mumbai, Maharashtra, India",via Ziff Davis - Talentify,Full-time,False,India,2023-02-03 17:33:41,False,False,India,,,,Ziff Davis,"['sql', 'python', 'mysql', 'sql server', 'aws', 'spark', 'linux', 'tableau']","{'analyst_tools': ['tableau'], 'cloud': ['aws'], 'databases': ['mysql', 'sql server'], 'libraries': ['spark'], 'os': ['linux'], 'programming': ['sql', 'python']}"
Data Scientist,Data Scientist (10 months Contract),Riyadh Saudi Arabia,via Recruit.net,Full-time,False,Saudi Arabia,2023-02-06 23:50:34,False,False,Saudi Arabia,,,,IQVIA,,
Data Scientist,Data Scientist,United States,via Trabajo.org,Full-time,False,Sudan,2023-02-26 11:19:27,False,False,Sudan,,,,"OCLC, Inc.","['r', 'python', 'java', 'scala', 'golang', 'pandas', 'pytorch', 'tensorflow']","{'libraries': ['pandas', 'pytorch', 'tensorflow'], 'programming': ['r', 'python', 'java', 'scala', 'golang']}"
Data Analyst,AI Data Solutions | Content Moderator,"Guatemala City, Guatemala",via Melga,Full-time,False,Guatemala,2023-02-11 08:09:37,False,False,Guatemala,,,,TELUS International,['windows'],{'os': ['windows']}
Business Analyst,Market Analyst,Dubai - United Arab Emirates,via SmartRecruiters Job Search,Full-time,False,United Arab Emirates,2023-02-10 15:20:08,False,False,United Arab Emirates,,,,Exinity,['terminal'],{'other': ['terminal']}
Senior Data Scientist,"Senior Data Scientist, Commercial Operations (Remote)",Anywhere,via Built In,Full-time,True,Sudan,2023-02-01 08:58:13,False,True,Sudan,year,151000.0,,Cruise,"['sql', 'python', 'r', 'c++', 'looker', 'tableau']","{'analyst_tools': ['looker', 'tableau'], 'programming': ['sql', 'python', 'r', 'c++']}"
Senior Data Analyst,"Senior, Lead Data Analyst","Newark, NJ",via Education Jobs NJ,Full-time,False,"New York, United States",2023-02-20 13:00:01,False,False,United States,,,,Achieve Test Prep,"['sql', 'r', 'python', 'aws', 'power bi', 'git']","{'analyst_tools': ['power bi'], 'cloud': ['aws'], 'other': ['git'], 'programming': ['sql', 'r', 'python']}"
Software Engineer,Lead Software Engineer,"Sydney NSW, Australia",via Trabajo.org,Full-time,False,Australia,2023-02-21 11:35:47,False,False,Australia,,,,Tabcorp,"['golang', 'go', 'aws', 'azure', 'kafka', 'splunk', 'docker']","{'analyst_tools': ['splunk'], 'cloud': ['aws', 'azure'], 'libraries': ['kafka'], 'other': ['docker'], 'programming': ['golang', 'go']}"
Data Engineer,Data Engineer (Remote),"Toronto, ON, Canada",via Smart Recruiters Jobs,Full-time,False,Canada,2023-02-23 18:34:41,False,False,Canada,,,,Informa Group Plc.,"['scala', 'sql', 'python', 'go', 'databricks', 'snowflake', 'spark']","{'cloud': ['databricks', 'snowflake'], 'libraries': ['spark'], 'programming': ['scala', 'sql', 'python', 'go']}"
Data Analyst,VIE - Business Data Analyst (M/W) - SWEDEN,"Paris, France",via BeBee,Full-time,False,France,2023-02-06 08:15:28,True,False,France,,,,Air Liquide,"['python', 'r', 'javascript', 'sql', 'power bi']","{'analyst_tools': ['power bi'], 'programming': ['python', 'r', 'javascript', 'sql']}"
Data Scientist,Data scientist,"Baton Rouge, LA",via Louisiana Jobs - Tarta.ai,Full-time,False,"Texas, United States",2023-02-07 00:06:56,False,True,United States,,,,Trellix,"['aws', 'azure', 'gcp']","{'cloud': ['aws', 'azure', 'gcp']}"
Data Engineer,Data Platform Engineer 80-100%,"Zürich, Switzerland",via Jobs.ch,Full-time,False,Switzerland,2023-02-21 17:26:42,True,False,Switzerland,,,,Universitätsspital Zürich,"['sql', 'gcp', 'azure', 'aws', 'kafka', 'spark', 'kubernetes']","{'cloud': ['gcp', 'azure', 'aws'], 'libraries': ['kafka', 'spark'], 'other': ['kubernetes'], 'programming': ['sql']}"
Data Scientist,model,"Nanjing, Jiangsu, China",via Trabajo.org,Full-time,False,China,2023-02-06 07:57:41,True,False,China,,,,080job,,
Data Analyst,Academic Data Analyst,"Orange, CA",via DiversityJobs,Full-time,False,"California, United States",2023-02-02 10:00:30,False,False,United States,,,,Chapman University,"['ms access', 'word', 'spreadsheet']","{'analyst_tools': ['ms access', 'word', 'spreadsheet']}"
Business Analyst,Senior Business Analyst,"Schertz, TX",via Melga,Full-time,False,"Texas, United States",2023-02-16 17:03:30,False,False,United States,,,,"Cal-Tex Protective Coatings, Inc.","['sql', 'sas', 'sas', 'vba', 'sql server', 'excel', 'tableau', 'powerpoint']","{'analyst_tools': ['sas', 'excel', 'tableau', 'powerpoint'], 'databases': ['sql server'], 'programming': ['sql', 'sas', 'vba']}"
Business Analyst,Power BI Analyst,Singapore,via Recruit.net,Full-time,False,Singapore,2023-03-19 23:48:07,False,False,Singapore,,,,D L Resources Pte Ltd,"['sql', 'vba', 'python', 'sql server', 'oracle', 'power bi', 'dax', 'tableau', 'ssis']","{'analyst_tools': ['power bi', 'dax', 'tableau', 'ssis'], 'cloud': ['oracle'], 'databases': ['sql server'], 'programming': ['sql', 'vba', 'python']}"
Data Analyst,Data Analyst / Datenmanager (m/w/d),"Zürich, Switzerland",via XING,Full-time,False,Switzerland,2023-03-16 16:46:10,True,False,Switzerland,,,,Boxtop AG,,
Data Scientist,Data Scientist,"Johannesburg, South Africa",via CareerJunction,Full-time,False,South Africa,2023-03-25 06:31:20,False,False,South Africa,,,,SUMMIT Africa Recruitment,"['sql', 'r', 'python', 'scala', 'java', 'azure', 'aws', 'gcp', 'qlik', 'power bi', 'tableau']","{'analyst_tools': ['qlik', 'power bi', 'tableau'], 'cloud': ['azure', 'aws', 'gcp'], 'programming': ['sql', 'r', 'python', 'scala', 'java']}"
Data Analyst,Research Data Analyst 4/Statistician - 121959,"Oakland, CA",via Diversity Jobs,Full-time,False,"California, United States",2023-03-15 13:01:14,False,False,United States,,,,UC San Diego,"['sas', 'sas', 'r']","{'analyst_tools': ['sas'], 'programming': ['sas', 'r']}"
Data Scientist,Data Scientist,Anywhere,via LinkedIn,,True,Philippines,2023-03-17 15:30:04,False,False,Philippines,,,,Arch Global Services (Philippines) Inc.,"['python', 'r', 'sql', 'sql server', 'arch', 'power bi']","{'analyst_tools': ['power bi'], 'databases': ['sql server'], 'os': ['arch'], 'programming': ['python', 'r', 'sql']}"
Data Engineer,M&E/Data Analytics Intern,"Abuja, Nigeria",via MyJobMag,Full-time,False,Nigeria,2023-03-22 07:35:52,False,False,Nigeria,,,,Palladium Group,"['spss', 'excel']","{'analyst_tools': ['spss', 'excel']}"
Data Engineer,Sr Data Engineer,"Nova Scotia, Canada",via Monster.ca,Full-time,False,Canada,2023-03-29 10:37:15,False,False,Canada,,,,S&P Global,"['sql', 'java', 'python', 'c#', 'scala', 'oracle', 'gcp', 'bigquery', 'snowflake', 'databricks', 'hadoop', 'spark', 'git', 'docker', 'kubernetes']","{'cloud': ['oracle', 'gcp', 'bigquery', 'snowflake', 'databricks'], 'libraries': ['hadoop', 'spark'], 'other': ['git', 'docker', 'kubernetes'], 'programming': ['sql', 'java', 'python', 'c#', 'scala']}"
Senior Data Engineer,Senior Data Engineer,"Bengaluru, Karnataka, India",via BeBee India,Full-time,False,India,2023-03-20 07:19:11,True,False,India,,,,CodersBrain,"['sql', 'python', 'aws', 'redshift', 'pyspark', 'airflow', 'github']","{'cloud': ['aws', 'redshift'], 'libraries': ['pyspark', 'airflow'], 'other': ['github'], 'programming': ['sql', 'python']}"
Data Engineer,Data Engineer,"Linz, Austria",via LinkedIn,Full-time,False,Austria,2023-03-20 22:23:43,False,False,Austria,,,,Talentbase,"['sql', 'java', 'c#', 'groovy', 'sql server', 'postgresql']","{'databases': ['sql server', 'postgresql'], 'programming': ['sql', 'java', 'c#', 'groovy']}"
Data Engineer,Data Engineer,"Wrocław, Poland",via WhatJobs,Full-time,False,Poland,2023-03-06 23:58:17,True,False,Poland,,,,Avanade,"['python', 'c#', 'azure', 'databricks']","{'cloud': ['azure', 'databricks'], 'programming': ['python', 'c#']}"
Data Analyst,KYC Data Analyst (Hybrid),"Belfast, UK",via WJHL Jobs,Full-time,False,United Kingdom,2023-03-23 19:26:46,False,False,United Kingdom,,,,Citi,"['sql', 'oracle', 'excel']","{'analyst_tools': ['excel'], 'cloud': ['oracle'], 'programming': ['sql']}"
Data Scientist,Apprenti(e) Data scientist,France,via BeBee,Full-time,False,France,2023-03-21 02:29:34,False,False,France,,,,Caisse des Depôts,['vue'],{'webframeworks': ['vue']}
Data Engineer,Data Engineer-Machining,"San Luis Potosí, San Luis Potosi, Mexico",via The Muse,Full-time,False,Mexico,2023-03-16 09:45:54,False,False,Mexico,,,,Eaton,"['oracle', 'sheets', 'outlook', 'flow']","{'analyst_tools': ['sheets', 'outlook'], 'cloud': ['oracle'], 'other': ['flow']}"
Business Analyst,BI Analyst II,"Charlotte, NC",via SmartRecruiters Job Search,Full-time,False,Georgia,2023-03-13 10:50:05,False,False,United States,,,,Jobs for Humanity,"['sql', 'tableau', 'microstrategy']","{'analyst_tools': ['tableau', 'microstrategy'], 'programming': ['sql']}"
Data Analyst,SAP Data Analyst,"Irving, TX",via Trabajo.org,Full-time,False,"Texas, United States",2023-03-28 23:03:02,True,False,United States,,,,Two95 International Inc.,['sap'],{'analyst_tools': ['sap']}
Data Engineer,STAFF DATA ENGINEER,"Lisbon, Portugal",via LinkedIn,Full-time,False,Portugal,2023-03-03 08:27:30,True,False,Portugal,,,,Smaato (Now part of Verve Group),"['java', 'python', 'scala', 'groovy', 'dynamodb', 'mysql', 'aws', 'spark', 'hadoop', 'airflow', 'kafka', 'kubernetes', 'jenkins', 'symphony']","{'cloud': ['aws'], 'databases': ['dynamodb', 'mysql'], 'libraries': ['spark', 'hadoop', 'airflow', 'kafka'], 'other': ['kubernetes', 'jenkins'], 'programming': ['java', 'python', 'scala', 'groovy'], 'sync': ['symphony']}"
Data Scientist,Data Scientist(F/H),"Montpellier, France",via Welcome To The Jungle,Full-time,False,France,2023-03-13 08:34:13,False,False,France,,,,RAILwAI,,
Data Scientist,Data Scientist,"Halden, Norway",via LinkedIn,Full-time,False,Norway,2023-03-10 08:58:17,False,False,Norway,,,,eSmart Systems,,
Senior Data Scientist,Senior Data Scientist,"Warsaw, Poland",via Trabajo.org,Full-time,False,Poland,2023-03-21 17:50:07,False,False,Poland,,,,Intellias,"['sql', 'python', 'r', 'aws', 'jira']","{'async': ['jira'], 'cloud': ['aws'], 'programming': ['sql', 'python', 'r']}"
Data Scientist,Data Scientist - Wealth Management,"Wrocław, Poland",via The Muse,Full-time,False,Poland,2023-03-14 11:36:54,False,False,Poland,,,,EPAM Systems,"['python', 'sql', 'nosql', 'gcp', 'azure', 'aws', 'spark']","{'cloud': ['gcp', 'azure', 'aws'], 'libraries': ['spark'], 'programming': ['python', 'sql', 'nosql']}"
Machine Learning Engineer,Machine Learning Engineer,"Kuala Lumpur, Federal Territory of Kuala Lumpur, Malaysia",via Trabajo.org,Full-time,False,Malaysia,2023-03-17 16:34:06,False,False,Malaysia,,,,Maxis,,
Data Scientist,Data Scientist,"Brentford, UK",via LinkedIn,Full-time,False,United Kingdom,2023-03-05 14:15:08,False,False,United Kingdom,,,,Haleon,"['sql', 'nosql', 'hadoop', 'spark']","{'libraries': ['hadoop', 'spark'], 'programming': ['sql', 'nosql']}"
Data Scientist,Data Scientist - Full-time / Part-time,"East Amwell Township, NJ",via Snagajob,Full-time,False,"New York, United States",2023-03-31 17:05:36,False,True,United States,,,,Takeda Pharmaceutical,"['python', 'r', 'scala', 'sql']","{'programming': ['python', 'r', 'scala', 'sql']}"
Senior Data Engineer,Senior Data Engineer,"Kuala Lumpur, Federal Territory of Kuala Lumpur, Malaysia",via LinkedIn,,False,Malaysia,2023-03-30 13:13:43,True,False,Malaysia,,,,Aryan Solutions Pte Ltd,['azure'],{'cloud': ['azure']}
Data Engineer,Data Engineer I,California,via The Job Network,Full-time,False,"Illinois, United States",2023-03-10 10:13:51,False,False,United States,,,,Shryne Group Inc.,"['python', 'sql', 'postgresql', 'mysql', 'aws', 'hadoop', 'spark', 'kafka', 'flow']","{'cloud': ['aws'], 'databases': ['postgresql', 'mysql'], 'libraries': ['hadoop', 'spark', 'kafka'], 'other': ['flow'], 'programming': ['python', 'sql']}"
Software Engineer,Middle Python Engineer (ETL),Anywhere,via LinkedIn,Full-time,True,Chile,2023-04-11 18:25:51,True,False,Chile,,,,SoftServe,"['python', 'aws']","{'cloud': ['aws'], 'programming': ['python']}"
Data Engineer,Lead Data Engineer with Azure,"Newtown, PA",via Ladders,Full-time,False,Georgia,2023-04-12 11:02:19,True,True,United States,year,90000.0,,EPAM Systems,"['python', 'scala', 'sql', 'java', 'azure', 'databricks']","{'cloud': ['azure', 'databricks'], 'programming': ['python', 'scala', 'sql', 'java']}"
Data Engineer,Data Engineer,"Paris, France",via BeBee,Full-time,False,France,2023-04-26 09:45:21,False,False,France,,,,CFM International,"['python', 'sql', 'pandas']","{'libraries': ['pandas'], 'programming': ['python', 'sql']}"
Data Analyst,DATA ANALYST,"San Antonio, TX",via Recruit.net,Full-time,False,"Texas, United States",2023-04-23 00:01:01,False,False,United States,,,,FB BanCorp,"['sas', 'sas']","{'analyst_tools': ['sas'], 'programming': ['sas']}"
Data Analyst,"Data Analyst, Mid","Wharton, NJ",via Diversity Jobs,Full-time,False,"New York, United States",2023-04-19 12:00:01,False,True,United States,,,,Booz Allen Hamilton,"['sql', 'r', 'python', 'html', 'aws', 'azure', 'gcp', 'flask', 'tableau', 'qlik', 'power bi', 'git', 'docker']","{'analyst_tools': ['tableau', 'qlik', 'power bi'], 'cloud': ['aws', 'azure', 'gcp'], 'other': ['git', 'docker'], 'programming': ['sql', 'r', 'python', 'html'], 'webframeworks': ['flask']}"
Business Analyst,Operations Analyst,Singapore,via BeBee Singapore,Full-time,False,Singapore,2023-04-19 08:06:37,False,False,Singapore,,,,Skillsforce Management Consultancy Pte Ltd,"['word', 'excel', 'powerpoint', 'alteryx', 'tableau']","{'analyst_tools': ['word', 'excel', 'powerpoint', 'alteryx', 'tableau']}"
Data Analyst,Data Solutions Analyst,Anywhere,via LinkedIn,Contractor,True,Canada,2023-04-12 20:31:14,True,False,Canada,,,,Morson Talent (Canada & USA),['planner'],{'async': ['planner']}
Data Engineer,Azure Data Engineer / Architect -(LOCALS REQUIRED) - Hybrid Role ...,Anywhere,via LinkedIn,Contractor,True,"Illinois, United States",2023-04-04 03:15:07,True,False,United States,,,,Dice,"['azure', 'databricks', 'kafka']","{'cloud': ['azure', 'databricks'], 'libraries': ['kafka']}"
Senior Data Analyst,Senior Digital Analyst till internationellt bolag,"Stockholm, Sweden",via LinkedIn,Full-time,False,Sweden,2023-04-12 15:29:12,True,False,Sweden,,,,Digitalenta,"['tableau', 'power bi']","{'analyst_tools': ['tableau', 'power bi']}"
Business Analyst,Data Business Analyst,"Versailles, France",via Adzuna,Full-time,False,France,2023-04-06 10:22:21,False,False,France,,,,ARQUUS,"['azure', 'gdpr']","{'cloud': ['azure'], 'libraries': ['gdpr']}"
Data Engineer,Data Engineer,"Zürich, Switzerland",via BeBee Schweiz,Full-time,False,Switzerland,2023-04-14 08:16:25,False,False,Switzerland,,,,NTT,"['python', 'excel']","{'analyst_tools': ['excel'], 'programming': ['python']}"
Data Engineer,Data Engineer,"College Station, TX",via LinkedIn,Full-time,False,Georgia,2023-04-22 11:46:29,False,False,United States,,,,UPL,['sql'],{'programming': ['sql']}
Senior Data Engineer,Senior Data Solution Engineer (m/f/d),"Hamburg, Germany",via Big Country Jobs,Full-time,False,Germany,2023-04-10 18:12:07,True,False,Germany,,,,Mabanaft GmbH & Co. KG,"['sql', 'python', 'azure', 'databricks', 'power bi']","{'analyst_tools': ['power bi'], 'cloud': ['azure', 'databricks'], 'programming': ['sql', 'python']}"
Software Engineer,Distributed Systems Engineer,"Paris, France",via BeBee,Full-time,False,France,2023-04-01 10:22:16,False,False,France,,,,Cloudflare,"['c++', 'sql', 'linux', 'terraform', 'docker', 'kubernetes']","{'os': ['linux'], 'other': ['terraform', 'docker', 'kubernetes'], 'programming': ['c++', 'sql']}"
Data Engineer,Modern Data Engineer,"Santiago de Compostela, Spain",via BeBee,Full-time,False,Spain,2023-04-17 06:18:19,False,False,Spain,,,,SDG Group,"['snowflake', 'bigquery', 'redshift', 'databricks', 'aws', 'gcp', 'airflow']","{'cloud': ['snowflake', 'bigquery', 'redshift', 'databricks', 'aws', 'gcp'], 'libraries': ['airflow']}"
Machine Learning Engineer,MLOps Engineer,"Stockholm, Sweden",via Trabajo.org,Full-time,False,Sweden,2023-04-25 10:11:55,False,False,Sweden,,,,Epidemic Sound,"['python', 'gcp', 'bigquery', 'scikit-learn', 'tensorflow', 'pytorch', 'kubernetes', 'terraform']","{'cloud': ['gcp', 'bigquery'], 'libraries': ['scikit-learn', 'tensorflow', 'pytorch'], 'other': ['kubernetes', 'terraform'], 'programming': ['python']}"
Data Engineer,Jr data engineer,Argentina,via Sercanto,Full-time,False,Argentina,2023-04-01 00:22:58,True,False,Argentina,,,,Santander,,
Data Analyst,stage - data analyst marketing f/h,"Bordeaux, France",via BeBee,Internship,False,France,2023-04-21 22:39:55,False,False,France,,,,Cdiscount,"['sql', 'python']","{'programming': ['sql', 'python']}"
Cloud Engineer,Senior Cloud Solutions Engineer at Paga Nigeria,"Lagos, Nigeria",via Trabajo.org,Full-time,False,Nigeria,2023-04-17 10:11:17,False,False,Nigeria,,,,Paga Limited,,
Data Engineer,Data Engineer,"San Jose, CA",via Ladders,Full-time,False,"New York, United States",2023-04-04 08:07:53,False,True,United States,year,115000.0,,"Tesla, Inc","['sql', 'python', 'bash', 'tensorflow', 'keras', 'git', 'docker', 'jenkins', 'kubernetes']","{'libraries': ['tensorflow', 'keras'], 'other': ['git', 'docker', 'jenkins', 'kubernetes'], 'programming': ['sql', 'python', 'bash']}"
Data Scientist,Data Scientist,Anywhere,via Dice,Full-time,True,"Texas, United States",2023-04-04 21:05:19,False,False,United States,,,,Xcelo Group Inc,"['python', 'r', 'sql', 'aws', 'pandas', 'numpy', 'matplotlib', 'seaborn', 'hadoop', 'spark', 'kafka', 'docker', 'kubernetes', 'git']","{'cloud': ['aws'], 'libraries': ['pandas', 'numpy', 'matplotlib', 'seaborn', 'hadoop', 'spark', 'kafka'], 'other': ['docker', 'kubernetes', 'git'], 'programming': ['python', 'r', 'sql']}"
Data Scientist,Alternance - Datascientist F/H,"Belfort, France",via Jobijoba,Part-time,False,France,2023-04-22 19:15:52,False,False,France,,,,ORANGE BUSINESS,,
Data Analyst,"Analyst, MDM","San José Province, San Antonio, Costa Rica",via BeBee Costa Rica,Full-time,False,Costa Rica,2023-04-19 12:34:04,False,False,Costa Rica,,,,Stryker,"['go', 'oracle', 'sap']","{'analyst_tools': ['sap'], 'cloud': ['oracle'], 'programming': ['go']}"
Data Scientist,Data Scientist - Remote,Anywhere,via LinkedIn,Full-time,True,"Illinois, United States",2023-04-07 00:03:23,False,False,United States,,,,OneDigital,"['python', 'java', 'sql', 'vba', 'hadoop', 'spark', 'excel', 'powerpoint', 'word', 'outlook']","{'analyst_tools': ['excel', 'powerpoint', 'word', 'outlook'], 'libraries': ['hadoop', 'spark'], 'programming': ['python', 'java', 'sql', 'vba']}"
Data Scientist,Econometric Analyst,"Santa Venera, Malta",via LinkedIn Malta,Full-time,False,Malta,2023-04-21 11:19:52,False,False,Malta,,,,Bank of Valletta plc,,
Data Engineer,Junior Data Engineer,"Cologne, Germany",via BeBee Deutschland,Full-time,False,Germany,2023-05-07 18:43:38,False,False,Germany,,,,WIRmachenDRUCK GmbH,"['sql', 'python', 'looker']","{'analyst_tools': ['looker'], 'programming': ['sql', 'python']}"
Data Engineer,Data Engineer (TeamLead),Anywhere,via LinkedIn,Full-time,True,Russia,2023-05-27 13:27:19,True,False,Russia,,,,Tinkoff,"['python', 'sql', 'scala', 'postgresql', 'cassandra', 'redis', 'airflow', 'kafka', 'spark', 'django']","{'databases': ['postgresql', 'cassandra', 'redis'], 'libraries': ['airflow', 'kafka', 'spark'], 'programming': ['python', 'sql', 'scala'], 'webframeworks': ['django']}"
Data Engineer,Data Engineer,"Plano, TX",via KTAL News Jobs,Full-time,False,Sudan,2023-05-14 08:00:06,False,True,Sudan,,,,Ascendion,"['no-sql', 'python', 'java', 'flow', 'github', 'jenkins']","{'other': ['flow', 'github', 'jenkins'], 'programming': ['no-sql', 'python', 'java']}"
Data Engineer,Customer Data Engineer,"Community of Madrid, Spain",via WhatJobs,Full-time,False,Spain,2023-05-05 23:37:10,True,False,Spain,,,,Blu Beem,,
Data Engineer,AWS Data Engineer,"Washington, DC",via ZipRecruiter,Full-time,False,"Florida, United States",2023-05-17 15:24:55,False,False,United States,,,,CompuGain,"['python', 'shell', 'r', 'sql', 'sas', 'sas', 'sql server', 'aws', 'redshift', 'unix', 'linux', 'tableau']","{'analyst_tools': ['sas', 'tableau'], 'cloud': ['aws', 'redshift'], 'databases': ['sql server'], 'os': ['unix', 'linux'], 'programming': ['python', 'shell', 'r', 'sql', 'sas']}"
Data Analyst,Data Analyst with Sales Experience (f-m-d),"Nuremberg, Germany",via The Muse,Full-time,False,Germany,2023-05-11 23:26:55,True,False,Germany,,,,Siemens,['flow'],{'other': ['flow']}
Data Engineer,Developer with Data Focus,"Budapest, Hungary",via Trabajo.org,Full-time,False,Hungary,2023-05-29 03:14:22,True,False,Hungary,,,,Hays Hungary Kft.,"['python', 'linux', 'splunk']","{'analyst_tools': ['splunk'], 'os': ['linux'], 'programming': ['python']}"
Data Analyst,Sr. Data Analyst,"San Francisco, CA",via BeBee,Full-time,False,"California, United States",2023-05-02 11:01:16,True,False,United States,,,,"IQ WorkForce Pvt, Ltd","['sql', 'python', 'r', 'spark', 'tableau', 'looker']","{'analyst_tools': ['tableau', 'looker'], 'libraries': ['spark'], 'programming': ['sql', 'python', 'r']}"
Data Engineer,Network Engineer- Data Centre,"Canberra ACT, Australia",via Trabajo.org,Full-time,False,Australia,2023-05-25 23:36:06,False,False,Australia,,,,NCS Group,['vmware'],{'cloud': ['vmware']}
Data Engineer,Data Engineer,"Barcelona, Spain",via Jobrapido.com,,False,Spain,2023-05-03 00:21:41,True,False,Spain,,,,Hemav Technology,"['python', 'nosql', 'postgresql', 'dynamodb', 'aws', 'git', 'docker', 'kubernetes']","{'cloud': ['aws'], 'databases': ['postgresql', 'dynamodb'], 'other': ['git', 'docker', 'kubernetes'], 'programming': ['python', 'nosql']}"
Machine Learning Engineer,iOT Engineer,"Subang Jaya, Selangor, Malaysia",via Trabajo.org,Full-time,False,Malaysia,2023-05-06 16:16:03,False,False,Malaysia,,,,Smart Tradzt Sdn Bhd,"['c++', 'javascript', 'python', 'linux']","{'os': ['linux'], 'programming': ['c++', 'javascript', 'python']}"
Data Engineer,Internship in Data Engineering,"Bülach, Switzerland",via BeBee Schweiz,Part-time,False,Switzerland,2023-05-25 00:20:55,False,False,Switzerland,,,,Swiss International Air LInes AG,"['sql', 'nosql', 'azure', 'databricks']","{'cloud': ['azure', 'databricks'], 'programming': ['sql', 'nosql']}"
Data Engineer,ORACLE DATA ENGINEER@Siemens Mobility Saudi Arabia,Riyadh Saudi Arabia,via BeBee,Full-time,False,Saudi Arabia,2023-05-05 07:38:38,False,False,Saudi Arabia,,,,Siemens,"['sql', 'sql server', 'oracle', 'vmware', 'linux', 'centos']","{'cloud': ['oracle', 'vmware'], 'databases': ['sql server'], 'os': ['linux', 'centos'], 'programming': ['sql']}"
Senior Data Analyst,"Sr. Data Analyst, Web Lead","Pittsburg, CA",via Ladders,Full-time,False,"California, United States",2023-05-08 08:01:47,False,True,United States,year,90000.0,,Foot Locker,"['sql', 'python', 'scala', 'r', 'excel']","{'analyst_tools': ['excel'], 'programming': ['sql', 'python', 'scala', 'r']}"
Data Analyst,"Development Services Info Systs Analyst, Information Technology","San Jose, CA",via ZipRecruiter,Full-time,False,"California, United States",2023-05-10 06:01:19,False,False,United States,,,,San Jose CA City Government,"['visual basic', 'java', 'javascript', 'crystal', 'oracle', 'asp.net']","{'cloud': ['oracle'], 'programming': ['visual basic', 'java', 'javascript', 'crystal'], 'webframeworks': ['asp.net']}"
Machine Learning Engineer,Machine Learning Expert,"Brussels, Belgium",via LinkedIn,Full-time,False,Belgium,2023-05-29 20:29:34,False,False,Belgium,,,,KCS iT,"['go', 'azure', 'databricks', 'docker', 'terraform', 'flow']","{'cloud': ['azure', 'databricks'], 'other': ['docker', 'terraform', 'flow'], 'programming': ['go']}"
Data Engineer,"Senior Associate, Visualization Data Engineer","Detroit, MI",via LinkedIn,Full-time,False,"California, United States",2023-05-12 11:25:23,False,False,United States,,,,KPMG US,"['python', 'r', 'javascript', 'go', 'react', 'angular', 'tableau', 'power bi']","{'analyst_tools': ['tableau', 'power bi'], 'libraries': ['react'], 'programming': ['python', 'r', 'javascript', 'go'], 'webframeworks': ['angular']}"
Data Scientist,Data Scientist. Job in London My Valley Jobs Today,"London, UK",via My Valley Jobs Today,Full-time,False,United Kingdom,2023-05-29 22:11:03,False,False,United Kingdom,,,,Franklin Bates Limited,,
Data Engineer,QA Engineer - Data,Anywhere,via LinkedIn,Full-time,True,Czechia,2023-05-17 13:03:42,True,False,Czechia,,,,Frontiers,"['python', 'mongodb', 'mongodb', 'nosql', 'elasticsearch', 'databricks', 'azure', 'aws', 'gcp', 'spark', 'flow', 'jira']","{'async': ['jira'], 'cloud': ['databricks', 'azure', 'aws', 'gcp'], 'databases': ['mongodb', 'elasticsearch'], 'libraries': ['spark'], 'other': ['flow'], 'programming': ['python', 'mongodb', 'nosql']}"
Data Analyst,Entry Level Business/Data Analyst,"Dallas, TX",via My ArkLaMiss Jobs,Full-time,False,"Texas, United States",2023-05-30 14:01:23,False,False,United States,,,,Asta CRS Inc.,,
Data Scientist,Self-Perform Analytics Lead,"Atlanta, GA",via LinkedIn,Full-time,False,Georgia,2023-05-06 09:18:59,False,False,United States,,,,DPR Construction,"['sql', 'power bi']","{'analyst_tools': ['power bi'], 'programming': ['sql']}"
Data Scientist,Quantitative Ecologist / Data Scientist,"Norwich, UK",via Indeed,Full-time,False,United Kingdom,2023-05-11 10:23:18,False,False,United Kingdom,,,,Applied Genomics Ltd.,"['python', 'r', 'java', 'php', 'sql', 'git', 'docker']","{'other': ['git', 'docker'], 'programming': ['python', 'r', 'java', 'php', 'sql']}"
Data Analyst,People Data Analyst,"Barcelona, Spain",via BeBee,Full-time,False,Spain,2023-05-29 14:10:35,True,False,Spain,,,,Thelocal,"['go', 'sql', 'sheets', 'powerpoint']","{'analyst_tools': ['sheets', 'powerpoint'], 'programming': ['go', 'sql']}"
Data Engineer,Data Engineer,"Kuala Lumpur, Federal Territory of Kuala Lumpur, Malaysia",via BeBee Malaysia,Full-time,False,Malaysia,2023-05-13 12:40:16,False,False,Malaysia,,,,United Overseas Bank,"['sas', 'sas', 'java', 'groovy', 'shell', 'redis', 'oracle', 'react', 'node', 'kubernetes', 'jenkins', 'bitbucket', 'docker']","{'analyst_tools': ['sas'], 'cloud': ['oracle'], 'databases': ['redis'], 'libraries': ['react'], 'other': ['kubernetes', 'jenkins', 'bitbucket', 'docker'], 'programming': ['sas', 'java', 'groovy', 'shell'], 'webframeworks': ['node']}"
Data Engineer,Data Engineer,"Washington, DC",via ZipRecruiter,Full-time,False,Sudan,2023-05-12 18:21:17,True,True,Sudan,,,,"Contact Government Services, LLC","['python', 'r', 'sql', 'sas', 'sas', 'postgresql', 'git']","{'analyst_tools': ['sas'], 'databases': ['postgresql'], 'other': ['git'], 'programming': ['python', 'r', 'sql', 'sas']}"
Data Engineer,Project Engineer – Airborne Data Management System,"Ottawa, ON, Canada",via LinkedIn,Contractor,False,Canada,2023-06-30 14:13:56,False,False,Canada,,,,General Dynamics Mission Systems,['visio'],{'analyst_tools': ['visio']}
Data Scientist,Workplace Analytics Engineer,"Rio de Janeiro, State of Rio de Janeiro, Brazil",via Indeed,Full-time,False,Brazil,2023-06-13 10:21:12,False,False,Brazil,,,,Canonical - Jobs,"['python', 'r', 'sql', 'ubuntu', 'looker', 'tableau']","{'analyst_tools': ['looker', 'tableau'], 'os': ['ubuntu'], 'programming': ['python', 'r', 'sql']}"
Data Engineer,Big Data Developer I,Mexico,via BeBee México,Full-time,False,Mexico,2023-06-11 15:13:03,True,False,Mexico,,,,BBVA,"['scala', 'spark', 'github', 'jenkins']","{'libraries': ['spark'], 'other': ['github', 'jenkins'], 'programming': ['scala']}"
Data Engineer,Databricks/data Engineer,"Alajuela Province, Orotina, Costa Rica",via BeBee Costa Rica,Full-time,False,Costa Rica,2023-06-23 12:19:34,True,False,Costa Rica,,,,Hitachi Solutions Ltd,"['python', 'sql', 'scala', 'databricks', 'azure', 'aws', 'gcp', 'spark', 'airflow', 'kafka', 'git']","{'cloud': ['databricks', 'azure', 'aws', 'gcp'], 'libraries': ['spark', 'airflow', 'kafka'], 'other': ['git'], 'programming': ['python', 'sql', 'scala']}"
Machine Learning Engineer,Machine Learning Engineer,"Lisbon, Portugal",via BeBee Portugal,Full-time,False,Portugal,2023-06-18 18:27:37,False,False,Portugal,,,,Growin,"['python', 'java', 'c++', 'sql', 'kafka']","{'libraries': ['kafka'], 'programming': ['python', 'java', 'c++', 'sql']}"
Data Analyst,Data Analyst,Trinidad and Tobago,via Islandjobhunt.com,Full-time,False,Trinidad and Tobago,2023-06-20 16:56:10,True,False,Trinidad and Tobago,,,,NWT Enterprises,,
Data Scientist,Junior Data scientist (Remote),Anywhere,via Built In,Full-time,True,"Texas, United States",2023-06-07 07:24:21,False,False,United States,,,,KGS Technology Group,,
Data Scientist,Principal Data Scientist (Intelligence Center),"Center, TX",via Jora,Full-time,False,"Texas, United States",2023-06-23 19:21:40,False,False,United States,,,,MITRE,"['python', 'sql', 'javascript', 'aws', 'pandas', 'spark', 'pyspark', 'matplotlib', 'seaborn', 'plotly', 'tableau', 'git']","{'analyst_tools': ['tableau'], 'cloud': ['aws'], 'libraries': ['pandas', 'spark', 'pyspark', 'matplotlib', 'seaborn', 'plotly'], 'other': ['git'], 'programming': ['python', 'sql', 'javascript']}"
Software Engineer,Software Engineer II,Serbia   (+2 others),via Wellfound,Full-time,False,Serbia,2023-06-23 20:13:33,False,False,Serbia,,,,Fivetran,"['typescript', 'html', 'css', 'java', 'javascript', 'gcp', 'aws', 'react', 'github']","{'cloud': ['gcp', 'aws'], 'libraries': ['react'], 'other': ['github'], 'programming': ['typescript', 'html', 'css', 'java', 'javascript']}"
Data Analyst,Data Analyst (Reporting & Insights),Anywhere,via LinkedIn,Full-time,True,Romania,2023-06-06 11:23:21,True,False,Romania,,,,Cognizant Netcentric,"['looker', 'power bi']","{'analyst_tools': ['looker', 'power bi']}"
Senior Data Analyst,Senior Data Analyst,Canada,via BeBee Canada,Full-time,False,Canada,2023-06-07 10:31:56,True,False,Canada,,,,Volunteer Centre,,
Data Analyst,"DATA ANALYST – BE AN IMPORTANT ADVISOR TO THE BUSINESS, GN AUDIO","Ballerup, Denmark",via Ekstra Bladet Job,Full-time,False,Denmark,2023-06-07 09:00:34,True,False,Denmark,,,,GN,"['sql', 'python', 'power bi']","{'analyst_tools': ['power bi'], 'programming': ['sql', 'python']}"
Data Engineer,Data Engineer,Singapore,via Recruit.net,Full-time,False,Singapore,2023-06-05 00:18:36,False,False,Singapore,,,,AMILI PTE. LTD.,"['python', 'nosql', 'sql', 'mongodb', 'mongodb', 'dynamodb', 'aws', 'airflow']","{'cloud': ['aws'], 'databases': ['mongodb', 'dynamodb'], 'libraries': ['airflow'], 'programming': ['python', 'nosql', 'sql', 'mongodb']}"
Business Analyst,Marketing Analyst,"Tel Aviv-Yafo, Israel",via LinkedIn,Full-time,False,Israel,2023-06-29 12:08:45,False,False,Israel,,,,dentsu Israel,['excel'],{'analyst_tools': ['excel']}
Data Engineer,Data Centre Operations Engineer,Hong Kong,via LinkedIn,Full-time,False,Hong Kong,2023-06-23 08:11:03,False,False,Hong Kong,,,,Atos,"['unix', 'linux', 'windows']","{'os': ['unix', 'linux', 'windows']}"
Data Analyst,Data Analyst,"Palma, Spain",via BeBee,Full-time,False,Spain,2023-06-22 19:17:53,True,False,Spain,,,,METRO Markets GmbH,"['sql', 'python', 'r', 'flow']","{'other': ['flow'], 'programming': ['sql', 'python', 'r']}"
Business Analyst,Enterprise Analyst,"Bogotá, Bogota, Colombia",via BeBee Colombia,Full-time,False,Colombia,2023-06-23 12:15:21,False,False,Colombia,,,,Kushki,,
Data Scientist,Data Scientist,"Palm Beach Gardens, FL",via Lensa,Full-time,False,"Florida, United States",2023-06-29 09:05:44,False,False,United States,,,,Kforce Technology,"['r', 'python']","{'programming': ['r', 'python']}"
Business Analyst,"Manager, BI & Analytics","Espoo, Finland",via LinkedIn Finland,Full-time,False,Finland,2023-06-30 16:31:21,True,False,Finland,,,,Fortum,"['go', 'qlik', 'power bi']","{'analyst_tools': ['qlik', 'power bi'], 'programming': ['go']}"
Data Analyst,Data Analyst,"IJmuiden, Netherlands",via LinkedIn,Contractor,False,Netherlands,2023-06-08 09:36:55,True,False,Netherlands,,,,Gazelle Global,"['sql', 'azure']","{'cloud': ['azure'], 'programming': ['sql']}"
Data Engineer,Claro-Retoma2-Algar-DATA ENGINEER CONSULTANT,"Bogotá, Bogota, Colombia",via BeBee Colombia,Full-time,False,Colombia,2023-06-14 16:53:47,False,False,Colombia,,,,NEORIS,"['sql', 'python', 'shell', 'oracle', 'cognos', 'power bi']","{'analyst_tools': ['cognos', 'power bi'], 'cloud': ['oracle'], 'programming': ['sql', 'python', 'shell']}"
Data Scientist,Data Science and Artificial Intelligence Department Director,"El Segundo, CA",via Indeed,Full-time,False,"California, United States",2023-06-27 17:04:15,False,True,United States,year,281070.0,,The Aerospace Corporation,"['java', 'python', 'aws', 'azure', 'matplotlib', 'seaborn', 'react', 'tableau', 'github']","{'analyst_tools': ['tableau'], 'cloud': ['aws', 'azure'], 'libraries': ['matplotlib', 'seaborn', 'react'], 'other': ['github'], 'programming': ['java', 'python']}"
Senior Data Analyst,Senior Product Data Analyst,Denmark,via BeBee Danmark,Full-time,False,Denmark,2023-06-17 20:35:04,True,False,Denmark,,,,Grundfos,"['sql', 'vba', 'r', 'python', 'snowflake', 'excel', 'power bi']","{'analyst_tools': ['excel', 'power bi'], 'cloud': ['snowflake'], 'programming': ['sql', 'vba', 'r', 'python']}"
Senior Data Scientist,Senior Data Scientist,Italy,via BeBee,Full-time,False,Italy,2023-06-09 06:29:14,False,False,Italy,,,,Leidos Inc,['python'],{'programming': ['python']}
Business Analyst,Senior Business Analyst,Australia,via Jooble,Full-time,False,Australia,2023-06-22 17:21:21,False,False,Australia,,,,REA Group Ltd.,"['sql', 'go', 'bigquery', 'airflow', 'flow', 'jira']","{'async': ['jira'], 'cloud': ['bigquery'], 'libraries': ['airflow'], 'other': ['flow'], 'programming': ['sql', 'go']}"
Data Scientist,"Data Scientist, Product Analytics","Charleston, SC",via Trabajo.org,Full-time,False,"Florida, United States",2023-07-10 06:04:30,False,False,United States,,,,Meta,"['sql', 'python', 'r']","{'programming': ['sql', 'python', 'r']}"
Data Analyst,"Quality Data/Analyst Coord, Mason Transplant Clinic, FT/Days, Atlanta","Atlanta, GA",via Trabajo.org,Full-time,False,Georgia,2023-07-01 09:36:19,False,False,United States,,,,Resume Library,,
Data Analyst,Intermediate Big Data Analyst,"Dublin, Ireland",via BeBee Ireland,Full-time,False,Ireland,2023-07-06 03:36:50,False,False,Ireland,,,,Citi,"['sql', 'shell', 'python', 'aws', 'spark']","{'cloud': ['aws'], 'libraries': ['spark'], 'programming': ['sql', 'shell', 'python']}"
Cloud Engineer,Privacy Analyst (Remote),Anywhere,via Indeed,Full-time,True,Netherlands,2023-07-26 16:55:41,True,False,Netherlands,,,,BCD Travel Corporate,['word'],{'analyst_tools': ['word']}
Senior Data Engineer,Senior Data Engineer - Analytics and Data Solutions,Anywhere,via LinkedIn,Contractor,True,"Florida, United States",2023-07-26 17:11:33,False,False,United States,hour,,62.5,IT Solutions INC,"['sql', 'python', 'vba', 'aws', 'snowflake', 'microstrategy', 'ssis', 'ms access']","{'analyst_tools': ['microstrategy', 'ssis', 'ms access'], 'cloud': ['aws', 'snowflake'], 'programming': ['sql', 'python', 'vba']}"
Data Engineer,Data Engineer - Sperry Drilling,"Stavanger, Norway",via LinkedIn,Full-time,False,Norway,2023-07-24 09:38:01,False,False,Norway,,,,Halliburton,['windows'],{'os': ['windows']}
Data Scientist,Head of Data Science,"Poissy, France",via BeBee,Full-time,False,France,2023-07-29 01:28:42,False,False,France,,,,PSA Retail,"['sql', 'python', 'spark']","{'libraries': ['spark'], 'programming': ['sql', 'python']}"
Data Scientist,Data Scientist,"Barcelona, Spain",via BeBee,Full-time,False,Spain,2023-07-23 07:14:56,False,False,Spain,,,,Conexus,"['r', 'python', 'sql', 'spark', 'power bi', 'tableau']","{'analyst_tools': ['power bi', 'tableau'], 'libraries': ['spark'], 'programming': ['r', 'python', 'sql']}"
Data Engineer,Data engineer (IT) / Freelance,France,via Jobrapido.com,,False,France,2023-07-11 23:54:31,False,False,France,,,,CBC CONSULT,"['sql', 'javascript', 'scala', 'python', 'nosql', 'sql server', 'postgresql', 'azure', 'ovh', 'hadoop', 'spark', 'kafka', 'vue', 'windows', 'linux', 'ssrs', 'ssis', 'excel', 'power bi', 'tableau', 'docker', 'ansible', 'kubernetes', 'terraform']","{'analyst_tools': ['ssrs', 'ssis', 'excel', 'power bi', 'tableau'], 'cloud': ['azure', 'ovh'], 'databases': ['sql server', 'postgresql'], 'libraries': ['hadoop', 'spark', 'kafka'], 'os': ['windows', 'linux'], 'other': ['docker', 'ansible', 'kubernetes', 'terraform'], 'programming': ['sql', 'javascript', 'scala', 'python', 'nosql'], 'webframeworks': ['vue']}"
Data Analyst,Compliance Data Analyst,"West Columbia, SC",via Trabajo.org,Full-time,False,Georgia,2023-07-03 23:30:01,False,True,United States,,,,Lexington Medical Center,['excel'],{'analyst_tools': ['excel']}
Data Scientist,Data Scientist (DataLab Team),Anywhere,via LinkedIn,Full-time,True,Czechia,2023-07-05 12:37:26,False,False,Czechia,,,,Semrush,['python'],{'programming': ['python']}
Data Engineer,Data Engineer (Qlik Compose),"Gurugram, Haryana, India",via Indeed,Full-time,False,India,2023-07-11 11:20:02,True,False,India,,,,AdGlobal360,['qlik'],{'analyst_tools': ['qlik']}
Senior Data Scientist,Senior Data Scientist,"London, UK",via Indeed,Full-time,False,United Kingdom,2023-07-07 13:18:44,False,False,United Kingdom,,,,University College London,,
Software Engineer,Senior Software Engineer - Digital Workplace,"Pisa, Province of Pisa, Italy",via SimplyHired,Full-time,False,Italy,2023-07-12 12:14:11,True,False,Italy,,,,Canonical - Jobs,"['python', 'html', 'css', 'javascript', 'node.js']","{'programming': ['python', 'html', 'css', 'javascript'], 'webframeworks': ['node.js']}"
Data Scientist,Data Scientist,"Fort Meade, MD",via LinkedIn,Full-time,False,Georgia,2023-07-04 02:30:40,False,True,United States,,,,"Constellation Technologies, Inc","['python', 'java', 'r', 'sas', 'sas', 'matlab', 'mysql', 'oracle', 'aws', 'linux']","{'analyst_tools': ['sas'], 'cloud': ['oracle', 'aws'], 'databases': ['mysql'], 'os': ['linux'], 'programming': ['python', 'java', 'r', 'sas', 'matlab']}"
Data Analyst,Data Analyst,Riyadh Saudi Arabia,via Jooble,Full-time,False,Saudi Arabia,2023-07-31 16:01:32,True,False,Saudi Arabia,,,,Abroad Work,['sql'],{'programming': ['sql']}
Data Engineer,Data Center Engineer,Australia,via LinkedIn,Contractor,False,Australia,2023-07-17 07:00:43,False,False,Australia,,,,Net2Source Inc.,['windows'],{'os': ['windows']}
Data Engineer,"Data Engineer- Python, Pyspark, Big Data","Bengaluru, Karnataka, India",via LinkedIn,Full-time,False,India,2023-07-07 06:15:07,True,False,India,,,,NLB Services,"['python', 'pyspark', 'spark']","{'libraries': ['pyspark', 'spark'], 'programming': ['python']}"
Data Analyst,Technical Business / Data Analyst,"Philadelphia, PA",via Indeed,Full-time,False,"New York, United States",2023-07-06 10:00:14,False,False,United States,,,,Redolent,"['sql', 'nosql', 'mongodb', 'mongodb', 'azure', 'aws', 'excel', 'powerpoint']","{'analyst_tools': ['excel', 'powerpoint'], 'cloud': ['azure', 'aws'], 'databases': ['mongodb'], 'programming': ['sql', 'nosql', 'mongodb']}"
Data Analyst,PMO & Engineering Data Analyst - H/F,"Rungis, France",via Jobijoba,Full-time,False,France,2023-07-30 08:52:33,False,False,France,,,,aeroemploiformation.com,,
Data Scientist,Senior/Lead Generative AI Data Scientist,Greece,via The Muse,Full-time,False,Greece,2023-07-27 11:41:48,False,False,Greece,,,,EPAM Systems,"['python', 'azure', 'aws', 'tensorflow', 'pytorch']","{'cloud': ['azure', 'aws'], 'libraries': ['tensorflow', 'pytorch'], 'programming': ['python']}"
Software Engineer,MS Engineer,"Johannesburg, South Africa",via BeBee South Africa,Full-time,False,South Africa,2023-07-22 08:17:10,False,False,South Africa,,,,NTT,,
Data Engineer,Data Center Critical Facilities Engineer III,Hong Kong,via BeBee 香港,Full-time,False,Hong Kong,2023-07-29 04:24:39,True,False,Hong Kong,,,,Equinix,,
Data Analyst,Data Analyst,"Dublin, Ireland",via Indeed.ie,Full-time,False,Ireland,2023-07-27 15:42:40,False,False,Ireland,,,,ESB,"['sql', 'r', 'python', 'shell', 'swift', 'sql server', 'azure', 'hadoop', 'sap', 'power bi', 'tableau', 'qlik', 'spss']","{'analyst_tools': ['sap', 'power bi', 'tableau', 'qlik', 'spss'], 'cloud': ['azure'], 'databases': ['sql server'], 'libraries': ['hadoop'], 'programming': ['sql', 'r', 'python', 'shell', 'swift']}"
Data Engineer,Data Analytical Engineer,"Reading, UK",via My Stateline Jobs,Full-time,False,United Kingdom,2023-07-09 12:29:38,False,False,United Kingdom,,,,GSK,"['python', 'scala', 'go', 'c++', 'elasticsearch', 'azure', 'spark', 'kafka', 'splunk', 'terraform', 'ansible', 'flow', 'jenkins', 'kubernetes', 'jira']","{'analyst_tools': ['splunk'], 'async': ['jira'], 'cloud': ['azure'], 'databases': ['elasticsearch'], 'libraries': ['spark', 'kafka'], 'other': ['terraform', 'ansible', 'flow', 'jenkins', 'kubernetes'], 'programming': ['python', 'scala', 'go', 'c++']}"
Software Engineer,BI Developer,"Rivas, Nicaragua",via Wellfound,Full-time,False,Nicaragua,2023-08-03 21:03:12,False,False,Nicaragua,,,,Yotpo,"['sql', 'python', 'databricks', 'spark', 'tableau', 'looker', 'kubernetes', 'docker']","{'analyst_tools': ['tableau', 'looker'], 'cloud': ['databricks'], 'libraries': ['spark'], 'other': ['kubernetes', 'docker'], 'programming': ['sql', 'python']}"
Data Scientist,Snowflake Data Lead,Canada,via Recruit.net,Full-time,False,Canada,2023-08-13 00:10:33,True,False,Canada,,,,LTIMindtree,"['sql', 'python', 'snowflake']","{'cloud': ['snowflake'], 'programming': ['sql', 'python']}"
Data Engineer,Data Engineer,"Naka, Ibaraki, Japan",via BeBee 日本,Full-time,False,Japan,2023-08-24 21:55:48,True,False,Japan,,,,Carnation Infotech Pvt Ltd,"['sql', 'sql server', 'oracle', 'azure']","{'cloud': ['oracle', 'azure'], 'databases': ['sql server'], 'programming': ['sql']}"
Software Engineer,"Security Engineer, SIRT","Dublin, Ireland",via BeBee Ireland,Full-time,False,Ireland,2023-08-26 16:46:06,False,False,Ireland,,,,Amazon Data Services Ireland Limited,"['python', 'perl', 'bash', 'powershell', 'flow']","{'other': ['flow'], 'programming': ['python', 'perl', 'bash', 'powershell']}"
Data Analyst,Data Analyst,"Beirut, Lebanon",via UN Talent,,False,Lebanon,2023-08-23 18:41:10,False,False,Lebanon,,,,UN - United Nations,"['sql', 'python', 'r']","{'programming': ['sql', 'python', 'r']}"
Data Scientist,"Data Scientist- TikTok Ads, Brand Innovation","Mountain View, CA",via LinkedIn,Full-time,False,"California, United States",2023-08-23 14:01:27,False,True,United States,year,224500.0,,TikTok,"['sql', 'python', 'r', 'spark']","{'libraries': ['spark'], 'programming': ['sql', 'python', 'r']}"
Data Engineer,Data Engineer,"Hillsboro, OR",via Indeed,Full-time,False,"Florida, United States",2023-08-10 09:08:04,False,True,United States,year,76520.0,,INTEL,"['python', 'sql', 'phoenix', 'excel', 'github']","{'analyst_tools': ['excel'], 'other': ['github'], 'programming': ['python', 'sql'], 'webframeworks': ['phoenix']}"
Senior Data Engineer,EY - GDS Consulting - D&A -Python Data Engineer - Senior,"Kanayannur, Kerala, India",via LinkedIn,Full-time,False,India,2023-08-22 13:13:01,True,False,India,,,,EY,"['python', 'scala', 'azure', 'spark']","{'cloud': ['azure'], 'libraries': ['spark'], 'programming': ['python', 'scala']}"
Data Scientist,Digitalisation Analyst,Anywhere,via JobTeaser,Internship,True,Norway,2023-08-09 16:12:32,False,False,Norway,,,,IKM Gruppen,,
Data Analyst,Sr. BI Engineer,"Heredia Province, Heredia, Costa Rica","via Trabajo.org - Vacantes De Empleo, Trabajo",Full-time,False,Costa Rica,2023-08-13 07:29:30,False,False,Costa Rica,,,,Concentrix,"['sql', 'python', 'r', 'sql server', 'pandas', 'numpy', 'matplotlib', 'hadoop', 'express', 'tableau', 'excel']","{'analyst_tools': ['tableau', 'excel'], 'databases': ['sql server'], 'libraries': ['pandas', 'numpy', 'matplotlib', 'hadoop'], 'programming': ['sql', 'python', 'r'], 'webframeworks': ['express']}"
Senior Data Analyst,SAS Data Analyst Senior,"Bloomington, IL",via Jobs Trabajo.org,Full-time,False,"Illinois, United States",2023-08-06 06:01:10,False,False,United States,,,,"Ampcus, Inc","['sas', 'sas', 'sql', 'python', 'alteryx', 'tableau', 'flow']","{'analyst_tools': ['sas', 'alteryx', 'tableau'], 'other': ['flow'], 'programming': ['sas', 'sql', 'python']}"
Senior Data Engineer,Senior Data Engineer,"Naperville, IL",via Indeed,Full-time,False,"California, United States",2023-08-17 22:08:07,False,True,United States,year,104903.0,,Egen Solutions Inc,"['sql', 'python', 'r', 'go', 'docker']","{'other': ['docker'], 'programming': ['sql', 'python', 'r', 'go']}"
Data Engineer,Senior Data Engineer Jobs,"Chantilly, VA",via Clearance Jobs,Full-time,False,"Illinois, United States",2023-08-15 18:08:41,True,False,United States,,,,Nicholson Staffing Solutions,"['java', 'python', 'aws', 'linux', 'docker', 'kubernetes']","{'cloud': ['aws'], 'os': ['linux'], 'other': ['docker', 'kubernetes'], 'programming': ['java', 'python']}"
Data Engineer,Data Engineer,"London, UK",via KHON2 Jobs,Contractor,False,United Kingdom,2023-08-29 18:38:38,True,False,United Kingdom,,,,Oakleaf Partnership,"['python', 'sql']","{'programming': ['python', 'sql']}"
Data Scientist,Data Scientist in Teilzeit (m/w/d),"Heilbronn, Germany",via LinkedIn,Part-time,False,Germany,2023-08-17 07:26:30,False,False,Germany,,,,Kaufland Deutschland,"['python', 'r', 'sql']","{'programming': ['python', 'r', 'sql']}"
Data Analyst,GIS Data Analyst,"Fort Worth, TX",via BeBee,Full-time,False,"Texas, United States",2023-08-23 08:01:36,False,False,United States,,,,Careerbuilder-US,"['excel', 'flow']","{'analyst_tools': ['excel'], 'other': ['flow']}"
Data Analyst,"Data Analyst / Data Specialist, Cat Digital","Chicago, IL",via Nexxt,Full-time,False,"Illinois, United States",2023-08-15 18:01:40,False,False,United States,,,,"Caterpillar, Inc.","['python', 'sql', 'aws', 'azure', 'numpy', 'pandas', 'tableau']","{'analyst_tools': ['tableau'], 'cloud': ['aws', 'azure'], 'libraries': ['numpy', 'pandas'], 'programming': ['python', 'sql']}"
Business Analyst,Teacher Experience Analyst,Dubai - United Arab Emirates,via Trabajo.org,Full-time,False,United Arab Emirates,2023-08-29 07:51:13,True,False,United Arab Emirates,,,,IC-CONSULT,,
Data Analyst,Aircraft Engines Prognostics and Health Management Data Analyst...,"Santiago de Querétaro, Qro., Mexico",via Indeed,Internship,False,Mexico,2023-08-16 19:59:54,False,False,Mexico,,,,General Electric,"['python', 'sql', 'c', 'c++', 'flow', 'github']","{'other': ['flow', 'github'], 'programming': ['python', 'sql', 'c', 'c++']}"
Data Scientist,Data Scientist,"Alcobendas, Spain",via Trabajo.org,Full-time,False,Spain,2023-08-03 07:22:12,False,False,Spain,,,,LEROY MERLIN ESPAÑA,"['python', 'r']","{'programming': ['python', 'r']}"
Data Scientist,Data scientist,"California, MO",via Talent.com,Full-time,False,"Illinois, United States",2023-08-16 00:04:29,False,False,United States,,,,Lawrence Berkeley National Laboratory,['python'],{'programming': ['python']}
Data Analyst,Marketing Data Analyst,"Watertown, NY",via Jobs Trabajo.org,Full-time,False,"New York, United States",2023-08-27 04:00:25,True,False,United States,,,,Robert Bosch Tool Corporation,,
Data Scientist,Post-Doc candidate in Decentralized Health Data Sharing,Netherlands,via BeBee,Full-time,False,Netherlands,2023-08-23 07:28:32,False,False,Netherlands,,,,Maastricht University (UM),"['solidity', 'python']","{'programming': ['solidity', 'python']}"
Data Analyst,GIS Data Analyst,"Lubbock, TX",via BeBee,Full-time,False,Sudan,2023-08-18 11:40:14,False,True,Sudan,,,,City of Lubbock,"['word', 'excel', 'powerpoint']","{'analyst_tools': ['word', 'excel', 'powerpoint']}"
Senior Data Engineer,Senior Data Engineer,"Malvern, PA",via Jobs Trabajo.org,Full-time,False,"Florida, United States",2023-08-25 16:12:02,False,False,United States,,,,"Vanguard Group, Inc.","['python', 'sql', 'bash', 'shell', 'spark']","{'libraries': ['spark'], 'programming': ['python', 'sql', 'bash', 'shell']}"
Data Scientist,Data Scientist/ Java Developer - Full-time / Part-time,"Lakeland, FL",via Snagajob,Full-time,False,"Florida, United States",2023-09-02 08:06:01,False,False,United States,hour,,32.290000915527344,SynergisticIT,"['java', 'javascript', 'c++', 'sas', 'sas', 'python', 'oracle', 'spring', 'tableau', 'docker', 'jenkins']","{'analyst_tools': ['sas', 'tableau'], 'cloud': ['oracle'], 'libraries': ['spring'], 'other': ['docker', 'jenkins'], 'programming': ['java', 'javascript', 'c++', 'sas', 'python']}"
Senior Data Analyst,Manager Data Analytics,"Amsterdam, Netherlands",via BeBee,Full-time,False,Netherlands,2023-09-23 16:29:52,True,False,Netherlands,,,,"Booking Holdings, Inc.",['planner'],{'async': ['planner']}
Data Analyst,Tableau Data Analyst - PowerBI and SharePoint Jobs,"Sterling, VA",via Clearance Jobs,Full-time and Part-time,False,"New York, United States",2023-09-16 15:00:29,False,True,United States,,,,BAE Systems,"['tableau', 'power bi', 'sharepoint']","{'analyst_tools': ['tableau', 'power bi', 'sharepoint']}"
Data Analyst,Data Analyst III (ITEKJP00024676),"Heredia Province, Heredia, Costa Rica",via LinkedIn,Contractor,False,Costa Rica,2023-09-25 03:22:27,False,False,Costa Rica,,,,SGF Global,"['python', 'azure', 'databricks', 'jupyter', 'git', 'github', 'docker', 'kubernetes']","{'cloud': ['azure', 'databricks'], 'libraries': ['jupyter'], 'other': ['git', 'github', 'docker', 'kubernetes'], 'programming': ['python']}"
Data Analyst,Data Analyst – Nigeria IHP,Nigeria,via BeBee Nigeria,Full-time,False,Nigeria,2023-09-17 17:19:11,False,False,Nigeria,,,,Palladium Group,"['c', 'word', 'excel']","{'analyst_tools': ['word', 'excel'], 'programming': ['c']}"
Data Engineer,Data  Engineer,Anywhere,via LinkedIn,Full-time,True,"Texas, United States",2023-09-20 19:06:53,True,False,United States,hour,,67.5,IT Solutions INC,"['python', 'databricks', 'aws', 'jupyter', 'react']","{'cloud': ['databricks', 'aws'], 'libraries': ['jupyter', 'react'], 'programming': ['python']}"
Senior Data Analyst,Senior Data Anlayst,Singapore,via Jobs Trabajo.org,Full-time and Contractor,False,Singapore,2023-09-22 17:41:05,True,False,Singapore,,,,Terrabit Consulting Pte Ltd,,
Business Analyst,Operations Analyst,"Arnhem, Netherlands",via BeBee,Full-time,False,Netherlands,2023-09-08 12:25:28,False,False,Netherlands,,,,Brambles,"['sap', 'word', 'excel', 'powerpoint']","{'analyst_tools': ['sap', 'word', 'excel', 'powerpoint']}"
Software Engineer,#11324 - Lead QA Automation Engineer - Argentina,"Buenos Aires, Argentina",via BeBee,Full-time,False,Argentina,2023-09-23 01:48:10,False,False,Argentina,,,,Qualitest,"['java', 'javascript', 'python', 'ruby', 'ruby', 'aws', 'selenium', 'jenkins', 'docker', 'kubernetes']","{'cloud': ['aws'], 'libraries': ['selenium'], 'other': ['jenkins', 'docker', 'kubernetes'], 'programming': ['java', 'javascript', 'python', 'ruby'], 'webframeworks': ['ruby']}"
Data Engineer,Data Enginer Aws,"Colombia, Huila, Colombia",via BeBee,Full-time,False,Colombia,2023-09-24 07:13:32,True,False,Colombia,,,,Factor IT,"['sql', 'aws']","{'cloud': ['aws'], 'programming': ['sql']}"
Data Scientist,Data Scientist,France,via BeBee,Full-time,False,France,2023-09-30 16:48:39,False,False,France,,,,Cafpi,,
Machine Learning Engineer,Data Scientist / Machine Learning Engineer (Credit Analysis) (Mexico),Mexico,via Indeed,Full-time,False,Mexico,2023-09-27 00:17:27,False,False,Mexico,,,,Grupago,,
Data Analyst,Data analyst,"Brussels, Belgium",via BeBee Belgique,Full-time,False,Belgium,2023-09-26 08:26:07,True,False,Belgium,,,,Apside,"['aws', 'azure', 'kafka']","{'cloud': ['aws', 'azure'], 'libraries': ['kafka']}"
Cloud Engineer,RF Engineer,"Brussels, Belgium",via BeBee Belgique,Temp work,False,Belgium,2023-09-08 22:57:20,True,False,Belgium,,,,Next Ventures Ltd,,
Data Engineer,Data Platform Engineer,"Rochester, NY",via Trabajo.org,Full-time,False,Georgia,2023-09-07 09:43:51,True,True,United States,,,,Securian Financial,['aws'],{'cloud': ['aws']}
Senior Data Scientist,"Senior Data Scientist (Austin, TX)","Austin, TX",via Built In Austin,Full-time,False,"Texas, United States",2023-09-05 23:03:02,False,True,United States,year,183000.0,,Google,"['python', 'r', 'sql', 'express']","{'programming': ['python', 'r', 'sql'], 'webframeworks': ['express']}"
Data Scientist,Full stack data scientist,"Oklahoma City, OK",via BeBee,"Full-time, Part-time, and Temp work",False,"Texas, United States",2023-09-19 05:03:14,False,False,United States,,,,VoxCroft,"['python', 'c#', 'sql', 'nosql', 'go', 'dynamodb', 'postgresql', 'elasticsearch', 'aws', 'azure', 'scikit-learn', 'pandas', 'pytorch', 'tensorflow', 'react', 'blazor', 'power bi', 'docker', 'kubernetes']","{'analyst_tools': ['power bi'], 'cloud': ['aws', 'azure'], 'databases': ['dynamodb', 'postgresql', 'elasticsearch'], 'libraries': ['scikit-learn', 'pandas', 'pytorch', 'tensorflow', 'react'], 'other': ['docker', 'kubernetes'], 'programming': ['python', 'c#', 'sql', 'nosql', 'go'], 'webframeworks': ['blazor']}"
Data Scientist,Data Science Specialist,Anywhere,via LinkedIn,Contractor,True,India,2023-09-26 05:34:05,False,False,India,,,,Elementz IT solutions Private Limited,['python'],{'programming': ['python']}
Data Engineer,Voice Data Engineer,United States,via Trabajo.org,Full-time,False,"Texas, United States",2023-09-04 12:06:34,False,True,United States,,,,TekSynap,,
Software Engineer,Platform Engineer I,"Bogotá, Bogota, Colombia",via BeBee,Full-time,False,Colombia,2023-09-21 06:33:59,False,False,Colombia,,,,CSG,"['aws', 'azure', 'linux']","{'cloud': ['aws', 'azure'], 'os': ['linux']}"
Data Scientist,Data Scientist (Python/SQL) (7750 USD/Mes),Anywhere,via LinkedIn,Full-time,True,Chile,2023-09-28 08:58:08,False,False,Chile,,,,Listopro,"['sql', 'python', 'pandas']","{'libraries': ['pandas'], 'programming': ['sql', 'python']}"
Data Analyst,ERP Data Analyst,"Indianapolis, IN",via Dice,Full-time,False,"Illinois, United States",2023-09-21 18:01:35,False,False,United States,year,77500.0,,Accede LLC,"['sql', 'html', 'css', 'php', 'javascript', 'sql server']","{'databases': ['sql server'], 'programming': ['sql', 'html', 'css', 'php', 'javascript']}"
Data Engineer,Data Engineer - Remote,Anywhere,via Jobgether,Full-time,True,"Illinois, United States",2023-09-13 12:07:00,True,True,United States,year,115000.0,,Tapcheck,"['sql', 'azure', 'looker']","{'analyst_tools': ['looker'], 'cloud': ['azure'], 'programming': ['sql']}"
Data Engineer,"Data Engineer - Azure - Up to GBP55,000","Gloucester, UK",via Indeed,Full-time,False,United Kingdom,2023-09-09 23:08:37,True,False,United Kingdom,,,,Nigel Frank International Limited,"['sql', 'python', 'azure', 'ssis']","{'analyst_tools': ['ssis'], 'cloud': ['azure'], 'programming': ['sql', 'python']}"
Data Analyst,Entry level Data Analyst - Full time (Remote),Anywhere,via LinkedIn,Full-time,True,Canada,2023-09-30 20:41:15,False,False,Canada,,,,Workhoppers,,
Software Engineer,Senior Backend Engineer,"Arequipa, Peru",via BeBee,Full-time,False,Peru,2023-10-06 19:24:24,False,False,Peru,,,,Listopro,"['php', 'mysql', 'aws', 'linux', 'docker']","{'cloud': ['aws'], 'databases': ['mysql'], 'os': ['linux'], 'other': ['docker'], 'programming': ['php']}"
Data Engineer,ETL Data Engineer - Onsite - Tokai,South Africa,via CareerJunction,Full-time,False,South Africa,2023-10-01 07:20:09,True,False,South Africa,,,,The Talent Experts,"['go', 'python', 'sql', 'linux']","{'os': ['linux'], 'programming': ['go', 'python', 'sql']}"
Data Engineer,Data Engineer,"London, UK",via BeBee,Full-time,False,United Kingdom,2023-10-10 12:11:59,True,False,United Kingdom,,,,Harrington Starr,"['python', 'aws']","{'cloud': ['aws'], 'programming': ['python']}"
Data Scientist,Quantitative Risk Analyst,"Helsinki, Finland",via Trabajo.org,Full-time,False,Finland,2023-10-19 11:09:57,False,False,Finland,,,,Nordea Bank,"['sql', 'sas', 'sas', 'python', 'hadoop', 'gdpr', 'jira', 'confluence']","{'analyst_tools': ['sas'], 'async': ['jira', 'confluence'], 'libraries': ['hadoop', 'gdpr'], 'programming': ['sql', 'sas', 'python']}"
Data Scientist,Pathways Recent Graduate Data Scientist,"Washington, DC",via BeBee,Part-time,False,"New York, United States",2023-10-20 10:04:12,False,False,United States,,,,Federal Communications Commission,['excel'],{'analyst_tools': ['excel']}
Data Analyst,Data Analysts,Australia,via BeBee Australia,Full-time,False,Australia,2023-10-12 01:12:44,True,False,Australia,,,,HiTech Group,"['sql', 'r', 'python', 'go']","{'programming': ['sql', 'r', 'python', 'go']}"
Data Engineer,Aws Data Engineer with Python,"Hyderabad, Telangana, India",via LinkedIn,Full-time,False,India,2023-10-05 07:12:15,True,False,India,,,,Nubes Opus,"['python', 'java', 'scala', 'aws', 'redshift', 'pandas', 'spark', 'tensorflow', 'airflow', 'react', 'linux', 'kubernetes']","{'cloud': ['aws', 'redshift'], 'libraries': ['pandas', 'spark', 'tensorflow', 'airflow', 'react'], 'os': ['linux'], 'other': ['kubernetes'], 'programming': ['python', 'java', 'scala']}"
Data Analyst,HR Data Analyst,"Tunis, Tunisia",via LinkedIn,Full-time,False,Tunisia,2023-10-26 16:24:35,False,False,Tunisia,,,,Confidentiel,,
Data Engineer,Lead Data Engineer - Technical Expert And Strategy Lead,"Victoria, Australia",via Jobrapido.com,Full-time,False,Australia,2023-10-18 00:14:34,True,False,Australia,,,,Macquarie,"['sql', 'python', 'aws', 'docker', 'git']","{'cloud': ['aws'], 'other': ['docker', 'git'], 'programming': ['sql', 'python']}"
Data Engineer,Junior Data Base,"Lisbon, Portugal",via BeBee Portugal,Full-time,False,Portugal,2023-10-16 06:41:50,False,False,Portugal,,,,KCS IT,['sql'],{'programming': ['sql']}
Data Scientist,Social researcher / Data scientist (m/f) (réf. E00027398) (réf...,Luxembourg,via Moovijob.com,Full-time,False,Luxembourg,2023-10-19 22:56:44,False,False,Luxembourg,,,,GovJobs,"['r', 'python', 'sql', 'matplotlib', 'tableau', 'power bi']","{'analyst_tools': ['tableau', 'power bi'], 'libraries': ['matplotlib'], 'programming': ['r', 'python', 'sql']}"
Data Scientist,Data Mining And Management Job,Anywhere,via The Elite Job,Full-time and Part-time,True,India,2023-10-16 23:30:44,False,False,India,hour,,25.0,The Elite Job,"['python', 'r', 'sql', 'hadoop', 'spark', 'tableau', 'power bi']","{'analyst_tools': ['tableau', 'power bi'], 'libraries': ['hadoop', 'spark'], 'programming': ['python', 'r', 'sql']}"
Data Analyst,Full Time Data Analyst,"Sacramento, CA",via BeBee,Full-time,False,"California, United States",2023-10-27 00:00:56,False,True,United States,,,,CyberCoders,"['sql', 'python', 'vba']","{'programming': ['sql', 'python', 'vba']}"
Business Analyst,Senior Business Marketing Analyst,"Limassol, Cyprus",via Jobs In Forex,Full-time,False,Cyprus,2023-10-06 12:40:40,False,False,Cyprus,,,,NAGA,"['html', 'css', 'javascript', 'sql']","{'programming': ['html', 'css', 'javascript', 'sql']}"
Machine Learning Engineer,Machine Learning Researcher,"Cajamarca, Peru",via BeBee,Full-time,False,Peru,2023-10-14 08:09:13,False,False,Peru,,,,Emprego,"['python', 'java', 'scala', 'pytorch', 'numpy', 'pandas', 'jupyter']","{'libraries': ['pytorch', 'numpy', 'pandas', 'jupyter'], 'programming': ['python', 'java', 'scala']}"
Data Scientist,Manager Data Scientist,France,via Indeed,Full-time,False,France,2023-10-23 18:18:32,False,False,France,,,,Sept Lieues,,
Data Analyst,Data analyst,"Schiphol-Rijk, Netherlands",via LinkedIn,Full-time and Temp work,False,Netherlands,2023-10-11 14:28:50,False,False,Netherlands,,,,ErasmusTalent,"['sql', 'excel', 'power bi']","{'analyst_tools': ['excel', 'power bi'], 'programming': ['sql']}"
Data Analyst,Data Management Analyst,"Tampa, FL",via BeBee,Full-time,False,"Florida, United States",2023-10-11 12:02:21,False,False,United States,,,,InnovaCare Health,['flow'],{'other': ['flow']}
Cloud Engineer,"Applied Scientist II, Amazon","Sunnyvale, CA",via ZipRecruiter,Full-time,False,"California, United States",2023-10-29 08:02:41,False,False,United States,,,,Amazon,,
Data Analyst,"Data Analytics Auditor, Officer, Hybrid",United Kingdom,via BeBee,Full-time,False,United Kingdom,2023-10-07 18:09:10,False,False,United Kingdom,,,,State Street,"['sql', 'python', 'aws', 'azure', 'databricks', 'tableau', 'alteryx']","{'analyst_tools': ['tableau', 'alteryx'], 'cloud': ['aws', 'azure', 'databricks'], 'programming': ['sql', 'python']}"
Data Engineer,Traveling Data Engineer,United States,via Trabajo.org,Full-time,False,"New York, United States",2023-10-25 06:06:29,True,False,United States,,,,SRS Consulting Inc.,"['nosql', 'snowflake']","{'cloud': ['snowflake'], 'programming': ['nosql']}"
Business Analyst,Business Analyst Coordinator,"Groningen, Netherlands",via BeBee,Full-time,False,Netherlands,2023-10-13 20:09:25,False,False,Netherlands,,,,beBee Professionals,,
Data Analyst,"Analyst, Data","Temple, TX",via ZipRecruiter,Full-time,False,"Texas, United States",2023-10-08 09:00:22,False,False,United States,,,,McLane Company,"['excel', 'alteryx']","{'analyst_tools': ['excel', 'alteryx']}"
Data Engineer,Data Engineer (m/w/d) Schwerpunkt Sql/dwh,"Chemnitz, Germany",via SaluteMyJob,Full-time,False,Germany,2023-10-18 01:16:23,True,False,Germany,,,,Leadec Management Central Europe BV & Co. KG,,
Data Analyst,Data Manager Liquidity Risk Reporting,"Dallas, TX",via LinkedIn,Full-time,False,"Texas, United States",2023-10-03 18:01:22,True,False,United States,,,,Analytic Recruiting Inc.,,
Data Engineer,Data analytics operations intern,"Panama City, Panama",via Sercanto,Internship,False,Panama,2023-11-14 23:53:02,False,False,Panama,,,,Jobzem (22440136),,
Data Scientist,Research Analyst,"Bangkok, Thailand",via BeBee,Full-time,False,Thailand,2023-11-07 07:43:48,False,False,Thailand,,,,Nielsen,"['go', 'excel']","{'analyst_tools': ['excel'], 'programming': ['go']}"
Data Engineer,"Unit Lead Engineer - Data Platform Architecture and Engineering, AI","Stockholm, Sweden",via SmartRecruiters Job Search,Full-time,False,Sweden,2023-11-06 09:21:35,False,False,Sweden,,,,H&M Group,['unify'],{'sync': ['unify']}
Data Analyst,Data Analyst III,"Lake Forest, CA",via BeBee,Full-time,False,"California, United States",2023-11-12 09:00:28,False,False,United States,,,,Mindlance,['c'],{'programming': ['c']}
Data Scientist,Stage de fin d'études - Data Science Géospatial février/mars 2024...,France,via LinkedIn,Full-time and Internship,False,France,2023-11-22 10:20:45,False,False,France,,,,Axionable,"['python', 'nosql', 'mongodb', 'mongodb', 'cassandra', 'spark', 'hadoop']","{'databases': ['mongodb', 'cassandra'], 'libraries': ['spark', 'hadoop'], 'programming': ['python', 'nosql', 'mongodb']}"
Data Scientist,Data Scientist,"New Delhi, Delhi, India",via BeBee India,Full-time,False,India,2023-11-29 07:11:52,False,False,India,,,,Alp Consulting Ltd.,"['python', 'r', 'aws', 'azure', 'spark', 'tensorflow', 'pytorch', 'hadoop']","{'cloud': ['aws', 'azure'], 'libraries': ['spark', 'tensorflow', 'pytorch', 'hadoop'], 'programming': ['python', 'r']}"
Data Analyst,Data Analyst,Anywhere,via LinkedIn,Full-time,True,Mexico,2023-11-11 03:41:49,False,False,Mexico,,,,Cobalto Talent,"['sql', 'python', 'r', 'tableau', 'power bi', 'looker']","{'analyst_tools': ['tableau', 'power bi', 'looker'], 'programming': ['sql', 'python', 'r']}"
Data Engineer,GCP Data Engineer,"Jaunpur, Uttar Pradesh, India",via Talents Jobs,Full-time,False,India,2023-11-27 06:32:56,False,False,India,,,,Construction and Architecture Cognizant,,
Data Engineer,Data Visualization Engineer,Belgium,via BeBee Belgique,Full-time,False,Belgium,2023-11-05 07:09:13,False,False,Belgium,,,,Datylon,"['css', 'plotly', 'react', 'angular', 'git', 'npm']","{'libraries': ['plotly', 'react'], 'other': ['git', 'npm'], 'programming': ['css'], 'webframeworks': ['angular']}"
Data Scientist,Credit Analyst,"San José Province, San José, Costa Rica",via BeBee Costa Rica,Full-time,False,Costa Rica,2023-11-16 08:34:58,True,False,Costa Rica,,,,Monifai,,
Business Analyst,Analyst,"Chicago, IL",via LinkedIn,Full-time,False,"Illinois, United States",2023-11-01 21:01:27,False,False,United States,,,,Starcom,['excel'],{'analyst_tools': ['excel']}
Software Engineer,Senior Program Information Engineer,Al Khobar Saudi Arabia,via LinkedIn,Full-time,False,Saudi Arabia,2023-11-05 11:10:50,False,False,Saudi Arabia,,,,Worley,['windows'],{'os': ['windows']}
Data Engineer,Junior Data Engineer,Anywhere,via XING,Full-time,True,Austria,2023-11-08 12:39:35,True,False,Austria,,,,Grizzly.jobs,,
Data Scientist,Data Science Intern,"Atlanta, GA",via LinkedIn,Full-time and Internship,False,Georgia,2023-11-28 16:41:31,False,False,United States,,,,Focus Brands LLC,"['python', 'r', 'sql', 'excel']","{'analyst_tools': ['excel'], 'programming': ['python', 'r', 'sql']}"
Data Analyst,QC analist/scientist,"Antwerp, Belgium",via BeBee Belgique,Full-time,False,Belgium,2023-11-22 08:03:47,False,False,Belgium,,,,MindCapture,,
Data Scientist,Continuous Improvement Analyst,"San José Province, San José, Costa Rica",via BeBee Costa Rica,Full-time,False,Costa Rica,2023-11-03 06:50:19,False,False,Costa Rica,,,,Emerson,"['oracle', 'power bi', 'excel']","{'analyst_tools': ['power bi', 'excel'], 'cloud': ['oracle']}"
Machine Learning Engineer,Senior Machine Learning Engineer,Austria,via Jobs Trabajo.org,Full-time,False,Austria,2023-11-18 19:35:36,False,False,Austria,,,,Neara,"['python', 'c++', 'java']","{'programming': ['python', 'c++', 'java']}"
Data Scientist,Data Scientist,"Chicago, IL",via The Muse,Full-time,False,"Illinois, United States",2023-11-09 12:04:19,False,True,United States,,,,CVS Health,"['sql', 'python', 'gcp']","{'cloud': ['gcp'], 'programming': ['sql', 'python']}"
Senior Data Analyst,Senior Salesforce Data Analyst,"Palo Alto, CA",via BeBee,Full-time,False,"California, United States",2023-11-30 17:01:11,True,True,United States,,,,Guardant Health,"['sql', 'tableau', 'excel']","{'analyst_tools': ['tableau', 'excel'], 'programming': ['sql']}"
Data Scientist,Credit Analyst,Sweden,via Trabajo.org,Full-time,False,Sweden,2023-11-05 07:07:43,True,False,Sweden,,,,Henkel,,
Business Analyst,Business Analyst,Austria,via Jobs Trabajo.org,Full-time,False,Austria,2023-11-16 18:18:39,False,False,Austria,,,,Pyramid Global Technologies,,
Cloud Engineer,cloud engineer,"Madrid, Spain",via BeBee,Full-time,False,Spain,2023-11-10 18:41:08,True,False,Spain,,,,IRIUM,"['aws', 'azure', 'github', 'kubernetes']","{'cloud': ['aws', 'azure'], 'other': ['github', 'kubernetes']}"
Data Engineer,"Lead Data Engineer,","Salisbury, MD",via Trabajo.org,Full-time,False,"California, United States",2023-11-30 10:07:10,False,True,United States,,,,Jobs for Humanity,"['python', 'java', 'scala', 'sql', 'nosql', 'mongo', 'shell', 'mysql', 'cassandra', 'aws', 'azure', 'redshift', 'snowflake', 'hadoop', 'kafka', 'spark']","{'cloud': ['aws', 'azure', 'redshift', 'snowflake'], 'databases': ['mysql', 'cassandra'], 'libraries': ['hadoop', 'kafka', 'spark'], 'programming': ['python', 'java', 'scala', 'sql', 'nosql', 'mongo', 'shell']}"
Data Analyst,Data Analyst/Developer,"Springfield, MA",via BeBee,Temp work,False,"New York, United States",2023-11-26 02:00:09,True,False,United States,,,,Robotics Technologies LLC,"['sql', 'jenkins']","{'other': ['jenkins'], 'programming': ['sql']}"
Data Analyst,IT Data Analyst,Italy,via BeBee,Full-time,False,Italy,2023-11-05 06:36:47,False,False,Italy,,,,Confidenziale,"['sql', 'power bi', 'excel']","{'analyst_tools': ['power bi', 'excel'], 'programming': ['sql']}"
Data Analyst,Clinical Data Analyst,Anywhere,via LinkedIn,Full-time,True,Switzerland,2023-12-01 10:32:57,False,False,Switzerland,,,,Medimaps Group - creators of TBS Osteo powered by TBS iNsight ™ - medical AI technology.,"['python', 'r', 'sql', 'oracle', 'tableau']","{'analyst_tools': ['tableau'], 'cloud': ['oracle'], 'programming': ['python', 'r', 'sql']}"
Software Engineer,Product Engineer,"Hamburg, Germany",via BeBee,Full-time,False,Germany,2023-12-16 18:12:41,True,False,Germany,,,,Lufthansa Group,['sap'],{'analyst_tools': ['sap']}
Business Analyst,Business Systems Analyst - 2203858,"Dallas, TX",via LifeworQ,Full-time,False,"Texas, United States",2023-12-17 16:01:22,False,True,United States,year,131085.0,,UnitedHealth Group,"['sql', 'go', 'kafka', 'flow']","{'libraries': ['kafka'], 'other': ['flow'], 'programming': ['sql', 'go']}"
Software Engineer,Trading Solutions Engineer,Singapore,via BeBee Singapore,Full-time,False,Singapore,2023-12-21 16:33:21,True,False,Singapore,,,,MiQ Digital,"['sql', 'python', 'r', 'react']","{'libraries': ['react'], 'programming': ['sql', 'python', 'r']}"
Data Scientist,Credit Risk Data Scientist,"Charlotte, NC",via LinkedIn,Full-time,False,Georgia,2023-12-14 03:25:31,False,False,United States,,,,Rich Data Co,"['python', 'sql', 'r', 'perl', 'sas', 'sas']","{'analyst_tools': ['sas'], 'programming': ['python', 'sql', 'r', 'perl', 'sas']}"
Data Analyst,Analyst delivery analytics,Dominican Republic,via Sercanto,Full-time,False,Dominican Republic,2023-12-21 00:22:01,True,False,Dominican Republic,,,,Nielsen,,
Data Engineer,Lead Data Engineer,United Kingdom,via BeBee,Part-time,False,United Kingdom,2023-12-02 09:26:02,True,False,United Kingdom,,,,Salt,,
Cloud Engineer,Graduate Engineers,"Auckland, New Zealand",via Trabajo.org,Full-time,False,New Zealand,2023-12-17 01:15:29,False,False,New Zealand,,,,Ventia Pty Limited,,
Data Scientist,Data Scientist,Maryland,via Indeed,Full-time,False,"New York, United States",2023-12-01 21:01:50,False,False,United States,,,,Sparksoft Corporation,"['sql', 'r', 'python', 'matlab', 'sas', 'sas', 'perl', 'java', 'php', 'nosql', 'mysql', 'mariadb', 'aws', 'azure', 'hadoop', 'spark']","{'analyst_tools': ['sas'], 'cloud': ['aws', 'azure'], 'databases': ['mysql', 'mariadb'], 'libraries': ['hadoop', 'spark'], 'programming': ['sql', 'r', 'python', 'matlab', 'sas', 'perl', 'java', 'php', 'nosql']}"
Data Scientist,Data Scientist,"Visp, Switzerland",via BeBee Schweiz,Full-time,False,Switzerland,2023-12-23 09:39:55,False,False,Switzerland,,,,Lonza,"['sql', 'r', 'python', 'sas', 'sas', 'power bi', 'sap']","{'analyst_tools': ['sas', 'power bi', 'sap'], 'programming': ['sql', 'r', 'python', 'sas']}"
Data Scientist,Data Scientist,Belgium,via BeBee Belgique,Full-time,False,Belgium,2023-12-04 23:33:56,False,False,Belgium,,,,VINCI Construction France,"['python', 'sql', 'r', 'azure', 'databricks', 'jupyter', 'pytorch', 'tensorflow']","{'cloud': ['azure', 'databricks'], 'libraries': ['jupyter', 'pytorch', 'tensorflow'], 'programming': ['python', 'sql', 'r']}"
Business Analyst,Ba - Business Analyst advanced (30698-1),Singapore,via BeBee Singapore,Full-time,False,Singapore,2023-12-22 15:15:57,False,False,Singapore,,,,U3 Infotech Pte Ltd.,,
Data Engineer,Lead Data Engineer,Anywhere,via ICIMS,Full-time,True,Poland,2023-12-11 07:49:18,True,False,Poland,,,,Kingfisher,"['python', 'sql', 'gcp', 'azure', 'aws']","{'cloud': ['gcp', 'azure', 'aws'], 'programming': ['python', 'sql']}"
Data Scientist,Data Scientist,"Bengaluru, Karnataka, India",via BeBee India,Full-time,False,India,2023-12-04 08:12:06,False,False,India,,,,RenewBuy,"['go', 'python', 'c++', 'pytorch', 'tensorflow', 'pyspark', 'hadoop', 'yarn']","{'libraries': ['pytorch', 'tensorflow', 'pyspark', 'hadoop'], 'other': ['yarn'], 'programming': ['go', 'python', 'c++']}"
Data Analyst,Data Analyst - Green Finance,"Monte, Spain",via Indeed,Full-time,False,Spain,2023-12-26 12:10:14,False,False,Spain,,,,BANCO SANTANDER S.A.,"['sql', 'excel', 'power bi', 'dax']","{'analyst_tools': ['excel', 'power bi', 'dax'], 'programming': ['sql']}"
Data Analyst,Intermediate Data Analyst,"Kontich, Belgium",via BeBee Belgique,Full-time,False,Belgium,2023-12-11 11:05:54,False,False,Belgium,,,,NewBrix,"['sql', 'sas', 'sas', 'r', 'python', 'html', 'java', 'php', 'aws', 'azure', 'excel', 'power bi', 'tableau', 'sap']","{'analyst_tools': ['sas', 'excel', 'power bi', 'tableau', 'sap'], 'cloud': ['aws', 'azure'], 'programming': ['sql', 'sas', 'r', 'python', 'html', 'java', 'php']}"
Data Scientist,Data Science Associate Manager,"Bogotá, Bogota, Colombia","via Trabajo.org - Vacantes De Empleo, Trabajo",Full-time,False,Colombia,2023-12-09 06:22:42,False,False,Colombia,,,,Accenture,,
Senior Data Scientist,Project Manager,"Wrocław, Poland",via Praca Trabajo.org,Full-time,False,Poland,2023-12-25 06:21:14,False,False,Poland,,,,Addepto,,
Data Engineer,Alternance - Big Data Engineer (F/H),France,via BeBee,Full-time,False,France,2023-12-09 14:12:04,False,False,France,,,,Groupe Astek,,
Data Engineer,Manufacturing Data Engineer,"Maynard, MA",via EFFECT Photonics,Full-time,False,"Illinois, United States",2023-12-31 20:02:52,True,False,United States,,,,EFFECT Photonics,"['postgresql', 'azure', 'power bi', 'flow']","{'analyst_tools': ['power bi'], 'cloud': ['azure'], 'databases': ['postgresql'], 'other': ['flow']}"
Machine Learning Engineer,Intelligence analyst,"Tallahassee, FL",via Talent.com,Full-time,False,Georgia,2023-12-04 23:38:49,False,False,United States,hour,,75.4800033569336,CBRE,"['sap', 'sheets']","{'analyst_tools': ['sap', 'sheets']}"
Data Scientist,Informatiker - Data Scientist / Developer Microsoft Power Platform...,"Hamburg, Germany",via BeBee,Full-time,False,Germany,2023-12-01 08:21:10,False,False,Germany,,,,ORBIS SE,"['typescript', 'c#', 'azure', 'react', 'sap']","{'analyst_tools': ['sap'], 'cloud': ['azure'], 'libraries': ['react'], 'programming': ['typescript', 'c#']}"
Data Analyst,Applied Scientist,"Remote, OR",via BeBee,Full-time,False,"California, United States",2023-12-25 12:01:05,False,False,United States,,,,Reality Defender,"['python', 'pytorch', 'opencv']","{'libraries': ['pytorch', 'opencv'], 'programming': ['python']}"
Data Analyst,Data Analyst,Italy,via Trabajo. Org,Full-time,False,Italy,2023-12-14 20:17:05,False,False,Italy,,,,Confidenziale,"['sql', 'javascript', 'python', 'vba', 'tableau', 'excel']","{'analyst_tools': ['tableau', 'excel'], 'programming': ['sql', 'javascript', 'python', 'vba']}"
Data Engineer,Data Engineer,Singapore,via BeBee Singapore,Full-time,False,Singapore,2023-12-05 00:28:18,False,False,Singapore,,,,OKBL PTE. LTD.,"['sql', 'nosql', 'aws', 'gcp', 'azure', 'spark', 'hadoop', 'git', 'docker']","{'cloud': ['aws', 'gcp', 'azure'], 'libraries': ['spark', 'hadoop'], 'other': ['git', 'docker'], 'programming': ['sql', 'nosql']}"
